"species","cell","cell_lat","cell_lon","year","med_pre_IAR","sd_pre_IAR","med_post_IAR","sd_post_IAR"
"Vireo_olivaceus",424,54.11,-97.38,2002,NA,NA,127.86,14.99
"Vireo_olivaceus",451,51.58,-98.5,2002,NA,NA,127.3,12.76
"Vireo_olivaceus",452,52.48,-94.42,2002,NA,NA,127.72,12.5
"Vireo_olivaceus",478,49.03,-99.52,2002,NA,NA,127.58,12.73
"Vireo_olivaceus",479,49.98,-95.68,2002,NA,NA,127.38,11.21
"Vireo_olivaceus",480,50.79,-91.68,2002,NA,NA,128.12,10.64
"Vireo_olivaceus",481,51.49,-87.52,2002,NA,NA,128.71,10.96
"Vireo_olivaceus",484,52.11,-74.29,2002,NA,NA,136.79,10.88
"Vireo_olivaceus",485,51.49,-69.98,2002,NA,NA,137.1,10.46
"Vireo_olivaceus",486,50.79,-65.82,2002,NA,NA,136.97,11.28
"Vireo_olivaceus",487,49.98,-61.82,2002,NA,NA,137.08,12.17
"Vireo_olivaceus",506,47.45,-96.82,2002,NA,NA,127.27,10.55
"Vireo_olivaceus",507,48.32,-93.05,2002,NA,NA,127.57,9.64
"Vireo_olivaceus",508,49.07,-89.13,2002,NA,NA,128.52,9.33
"Vireo_olivaceus",509,49.73,-85.08,2002,NA,NA,129.97,9.17
"Vireo_olivaceus",510,50.34,-80.89,2002,NA,NA,132.75,9.24
"Vireo_olivaceus",511,50.34,-76.61,2002,NA,NA,135.59,8.66
"Vireo_olivaceus",512,49.73,-72.42,2002,NA,NA,137.2,8.85
"Vireo_olivaceus",513,49.07,-68.37,2002,NA,NA,137.67,9.48
"Vireo_olivaceus",514,48.32,-64.45,2002,NA,NA,137.26,10.71
"Vireo_olivaceus",533,44.86,-97.79,2002,NA,NA,127.06,10.29
"Vireo_olivaceus",534,45.82,-94.29,2002,NA,NA,127.15,9.23
"Vireo_olivaceus",535,46.62,-90.59,2002,NA,NA,127.99,8.76
"Vireo_olivaceus",536,47.32,-86.77,2002,NA,NA,129.04,8.42
"Vireo_olivaceus",537,47.96,-82.82,2002,NA,NA,131.07,8.03
"Vireo_olivaceus",538,48.59,-78.75,2002,NA,NA,133.96,7.79
"Vireo_olivaceus",539,47.96,-74.68,2002,NA,NA,137.87,7.54
"Vireo_olivaceus",540,47.32,-70.73,2002,NA,NA,138.98,8.02
"Vireo_olivaceus",541,46.62,-66.91,2002,NA,NA,137.84,9.47
"Vireo_olivaceus",560,42.25,-98.7,2002,NA,NA,126.58,10.52
"Vireo_olivaceus",561,43.25,-95.37,2002,NA,NA,126.46,9.16
"Vireo_olivaceus",562,44.14,-91.92,2002,NA,NA,127.22,8.52
"Vireo_olivaceus",563,44.89,-88.3,2002,NA,NA,127.81,8.01
"Vireo_olivaceus",564,45.56,-84.56,2002,NA,NA,129.21,7.62
"Vireo_olivaceus",565,46.19,-80.71,2002,NA,NA,131.63,7.24
"Vireo_olivaceus",566,46.19,-76.79,2002,NA,NA,135.69,6.82
"Vireo_olivaceus",567,45.56,-72.94,2002,162.73,7.2,145.24,5.25
"Vireo_olivaceus",568,44.89,-69.2,2002,NA,NA,138.33,8.08
"Vireo_olivaceus",587,39.62,-99.59,2002,NA,NA,126.08,11.2
"Vireo_olivaceus",588,40.65,-96.39,2002,NA,NA,126.1,9.36
"Vireo_olivaceus",589,41.59,-93.1,2002,NA,NA,126.26,8.4
"Vireo_olivaceus",590,42.43,-89.69,2002,NA,NA,126.65,7.85
"Vireo_olivaceus",591,43.13,-86.14,2002,NA,NA,127.17,7.17
"Vireo_olivaceus",592,43.78,-82.5,2002,NA,NA,128.42,6.79
"Vireo_olivaceus",593,44.43,-78.75,2002,NA,NA,131.1,6.4
"Vireo_olivaceus",594,43.78,-75,2002,NA,NA,133.72,6.16
"Vireo_olivaceus",595,43.13,-71.36,2002,129.09,5.98,132.17,4.7
"Vireo_olivaceus",615,38.04,-97.42,2002,NA,NA,125,9.95
"Vireo_olivaceus",616,39.02,-94.23,2002,NA,NA,125.35,8.92
"Vireo_olivaceus",617,39.9,-90.96,2002,NA,NA,125.61,8.06
"Vireo_olivaceus",618,40.68,-87.6,2002,130.68,11.77,126.35,6.45
"Vireo_olivaceus",619,41.36,-84.13,2002,121.95,8.26,124.77,5.47
"Vireo_olivaceus",620,42.01,-80.56,2002,NA,NA,126.42,6.1
"Vireo_olivaceus",621,42.01,-76.94,2002,136.42,5.27,131.35,4
"Vireo_olivaceus",622,41.36,-73.37,2002,123.94,7.79,127.7,5.29
"Vireo_olivaceus",642,35.41,-98.54,2002,NA,NA,124.17,10.67
"Vireo_olivaceus",643,36.43,-95.4,2002,NA,NA,124.38,9.43
"Vireo_olivaceus",644,37.35,-92.21,2002,NA,NA,124.37,8.68
"Vireo_olivaceus",645,38.19,-88.95,2002,NA,NA,124.25,7.94
"Vireo_olivaceus",646,38.91,-85.63,2002,NA,NA,124.01,7.32
"Vireo_olivaceus",647,39.58,-82.23,2002,NA,NA,122.83,6.57
"Vireo_olivaceus",648,40.23,-78.75,2002,116.62,4.78,119.7,3.8
"Vireo_olivaceus",649,39.58,-75.27,2002,117.83,4.91,120.1,4.05
"Vireo_olivaceus",669,32.64,-98.28,2002,NA,NA,123.38,11.62
"Vireo_olivaceus",670,33.74,-95.9,2002,NA,NA,123.57,10.22
"Vireo_olivaceus",671,34.8,-93.51,2002,NA,NA,123.6,9.35
"Vireo_olivaceus",672,35.67,-90.31,2002,NA,NA,123.25,8.78
"Vireo_olivaceus",673,36.45,-87.06,2002,NA,NA,123.08,8.1
"Vireo_olivaceus",674,37.13,-83.76,2002,NA,NA,122.34,7.57
"Vireo_olivaceus",675,37.79,-80.44,2002,NA,NA,120.72,6.71
"Vireo_olivaceus",676,37.79,-77.06,2002,116.49,5.59,118.24,4.6
"Vireo_olivaceus",696,29.9,-98.18,2002,NA,NA,122.85,12.74
"Vireo_olivaceus",697,30.99,-95.79,2002,NA,NA,123.38,11.1
"Vireo_olivaceus",698,32.03,-93.38,2002,NA,NA,123.1,10.18
"Vireo_olivaceus",699,33.03,-90.96,2002,NA,NA,122.72,9.6
"Vireo_olivaceus",700,33.98,-88.53,2002,NA,NA,122.56,9.02
"Vireo_olivaceus",701,34.7,-85.28,2002,NA,NA,122.11,8.52
"Vireo_olivaceus",702,35.33,-82,2002,NA,NA,121.28,8.14
"Vireo_olivaceus",703,36,-78.75,2002,NA,NA,119.77,7.64
"Vireo_olivaceus",723,27.2,-98.15,2002,NA,NA,123.12,15.13
"Vireo_olivaceus",724,28.28,-95.78,2002,NA,NA,123.01,12.9
"Vireo_olivaceus",725,29.31,-93.38,2002,NA,NA,122.77,11.6
"Vireo_olivaceus",726,30.29,-90.96,2002,NA,NA,122.76,10.47
"Vireo_olivaceus",727,31.23,-88.53,2002,NA,NA,122.2,9.9
"Vireo_olivaceus",728,32.11,-86.07,2002,NA,NA,122.04,9.53
"Vireo_olivaceus",729,32.95,-83.6,2002,NA,NA,121.7,9.61
"Vireo_olivaceus",730,33.53,-80.33,2002,NA,NA,120.42,9.4
"Vireo_olivaceus",732,33.53,-77.17,2002,NA,NA,119.9,10.32
"Vireo_olivaceus",733,35.33,-75.5,2002,NA,NA,119.25,9.51
"Vireo_olivaceus",736,40.68,-69.9,2002,NA,NA,129.98,9.71
"Vireo_olivaceus",738,44.14,-65.58,2002,NA,NA,137.6,11.12
"Vireo_olivaceus",739,45.82,-63.21,2002,NA,NA,137.29,11.14
"Vireo_olivaceus",740,47.45,-60.68,2002,NA,NA,137.26,11.84
"Vireo_olivaceus",741,49.03,-57.98,2002,NA,NA,137.15,13.47
"Vireo_olivaceus",767,44.86,-59.71,2002,NA,NA,137.12,13.34
"Vireo_olivaceus",768,46.43,-57.12,2002,NA,NA,136.96,13.69
"Vireo_olivaceus",769,47.93,-54.37,2002,NA,NA,136.97,15.53
"Vireo_olivaceus",785,27.2,-78.75,2002,NA,NA,121.48,18.42
"Vireo_olivaceus",3670,28.52,-88.63,2002,NA,NA,122.09,11.65
"Vireo_olivaceus",3671,29.4,-86.18,2002,NA,NA,121.87,10.75
"Vireo_olivaceus",3672,30.23,-83.72,2002,NA,NA,121.73,10.4
"Vireo_olivaceus",3673,31,-81.24,2002,NA,NA,121.52,10.59
"Vireo_olivaceus",3700,28.22,-81.6,2002,NA,NA,121.37,13.29
"Vireo_olivaceus",424,54.11,-97.38,2003,NA,NA,135.85,14.51
"Vireo_olivaceus",451,51.58,-98.5,2003,NA,NA,136.05,12.31
"Vireo_olivaceus",452,52.48,-94.42,2003,NA,NA,136.04,11.96
"Vireo_olivaceus",478,49.03,-99.52,2003,NA,NA,135.84,12.09
"Vireo_olivaceus",479,49.98,-95.68,2003,NA,NA,135.83,10.23
"Vireo_olivaceus",480,50.79,-91.68,2003,NA,NA,136.44,9.79
"Vireo_olivaceus",481,51.49,-87.52,2003,NA,NA,137.35,10.5
"Vireo_olivaceus",484,52.11,-74.29,2003,NA,NA,139.82,10.54
"Vireo_olivaceus",485,51.49,-69.98,2003,NA,NA,139.83,10.25
"Vireo_olivaceus",486,50.79,-65.82,2003,NA,NA,139.61,11.23
"Vireo_olivaceus",487,49.98,-61.82,2003,NA,NA,139.45,12.2
"Vireo_olivaceus",506,47.45,-96.82,2003,NA,NA,135.19,9.6
"Vireo_olivaceus",507,48.32,-93.05,2003,NA,NA,136.17,8.8
"Vireo_olivaceus",508,49.07,-89.13,2003,NA,NA,137.04,8.39
"Vireo_olivaceus",509,49.73,-85.08,2003,NA,NA,138.22,8.42
"Vireo_olivaceus",510,50.34,-80.89,2003,NA,NA,139.37,8.33
"Vireo_olivaceus",511,50.34,-76.61,2003,NA,NA,139.95,8.14
"Vireo_olivaceus",512,49.73,-72.42,2003,NA,NA,140,8.36
"Vireo_olivaceus",513,49.07,-68.37,2003,NA,NA,140.11,9.29
"Vireo_olivaceus",514,48.32,-64.45,2003,NA,NA,139.84,10.63
"Vireo_olivaceus",533,44.86,-97.79,2003,NA,NA,133.71,9.75
"Vireo_olivaceus",534,45.82,-94.29,2003,NA,NA,134.96,8.24
"Vireo_olivaceus",535,46.62,-90.59,2003,NA,NA,137.31,7.56
"Vireo_olivaceus",536,47.32,-86.77,2003,NA,NA,138.59,7.15
"Vireo_olivaceus",537,47.96,-82.82,2003,NA,NA,138.66,7.14
"Vireo_olivaceus",538,48.59,-78.75,2003,NA,NA,140.43,6.71
"Vireo_olivaceus",539,47.96,-74.68,2003,NA,NA,140.88,6.68
"Vireo_olivaceus",540,47.32,-70.73,2003,NA,NA,140.4,7.52
"Vireo_olivaceus",541,46.62,-66.91,2003,NA,NA,139.92,9.11
"Vireo_olivaceus",560,42.25,-98.7,2003,NA,NA,131.66,9.89
"Vireo_olivaceus",561,43.25,-95.37,2003,NA,NA,132.91,8.15
"Vireo_olivaceus",562,44.14,-91.92,2003,NA,NA,135.37,7.17
"Vireo_olivaceus",563,44.89,-88.3,2003,153.41,7.53,141.84,5.21
"Vireo_olivaceus",564,45.56,-84.56,2003,NA,NA,137.89,6.53
"Vireo_olivaceus",565,46.19,-80.71,2003,NA,NA,138.7,6.38
"Vireo_olivaceus",566,46.19,-76.79,2003,147.93,4.38,144.28,3.55
"Vireo_olivaceus",567,45.56,-72.94,2003,140.14,4.82,140.49,3.95
"Vireo_olivaceus",568,44.89,-69.2,2003,NA,NA,140.52,7.78
"Vireo_olivaceus",587,39.62,-99.59,2003,NA,NA,129.88,10.56
"Vireo_olivaceus",588,40.65,-96.39,2003,NA,NA,130.33,8.53
"Vireo_olivaceus",589,41.59,-93.1,2003,NA,NA,131.75,7.33
"Vireo_olivaceus",590,42.43,-89.69,2003,140.52,12.6,134.28,5.69
"Vireo_olivaceus",591,43.13,-86.14,2003,NA,NA,134.82,5.85
"Vireo_olivaceus",592,43.78,-82.5,2003,NA,NA,134.69,6.01
"Vireo_olivaceus",593,44.43,-78.75,2003,NA,NA,136.4,5.73
"Vireo_olivaceus",594,43.78,-75,2003,NA,NA,138.52,5.52
"Vireo_olivaceus",595,43.13,-71.36,2003,144.79,5.47,141.8,4.27
"Vireo_olivaceus",615,38.04,-97.42,2003,NA,NA,127.86,8.98
"Vireo_olivaceus",616,39.02,-94.23,2003,NA,NA,128.26,7.81
"Vireo_olivaceus",617,39.9,-90.96,2003,NA,NA,128.82,6.6
"Vireo_olivaceus",618,40.68,-87.6,2003,126.6,2.9,127.45,2.66
"Vireo_olivaceus",619,41.36,-84.13,2003,136.43,5.16,132.78,3.92
"Vireo_olivaceus",620,42.01,-80.56,2003,128.37,2.73,128.97,2.46
"Vireo_olivaceus",621,42.01,-76.94,2003,132.69,2.78,132.38,2.43
"Vireo_olivaceus",622,41.36,-73.37,2003,136.51,4.47,135.91,3.56
"Vireo_olivaceus",642,35.41,-98.54,2003,NA,NA,125.08,10.02
"Vireo_olivaceus",643,36.43,-95.4,2003,NA,NA,125.71,8.39
"Vireo_olivaceus",644,37.35,-92.21,2003,NA,NA,125.58,7.63
"Vireo_olivaceus",645,38.19,-88.95,2003,NA,NA,125.31,6.55
"Vireo_olivaceus",646,38.91,-85.63,2003,NA,NA,125.37,5.85
"Vireo_olivaceus",647,39.58,-82.23,2003,119.26,4.95,122.59,3.79
"Vireo_olivaceus",648,40.23,-78.75,2003,128.98,5.51,126.24,3.79
"Vireo_olivaceus",649,39.58,-75.27,2003,121.34,2.55,122.35,2.36
"Vireo_olivaceus",669,32.64,-98.28,2003,NA,NA,123.69,10.67
"Vireo_olivaceus",670,33.74,-95.9,2003,NA,NA,123.9,9.22
"Vireo_olivaceus",671,34.8,-93.51,2003,NA,NA,123.66,8.33
"Vireo_olivaceus",672,35.67,-90.31,2003,NA,NA,122.69,7.36
"Vireo_olivaceus",673,36.45,-87.06,2003,NA,NA,122.05,6.73
"Vireo_olivaceus",674,37.13,-83.76,2003,128.54,9.91,122.39,5.33
"Vireo_olivaceus",675,37.79,-80.44,2003,NA,NA,120.48,5.81
"Vireo_olivaceus",676,37.79,-77.06,2003,116.78,3,117.63,2.68
"Vireo_olivaceus",696,29.9,-98.18,2003,NA,NA,122.93,12.02
"Vireo_olivaceus",697,30.99,-95.79,2003,NA,NA,122.85,10.2
"Vireo_olivaceus",698,32.03,-93.38,2003,NA,NA,121.92,9.01
"Vireo_olivaceus",699,33.03,-90.96,2003,NA,NA,121.09,8.34
"Vireo_olivaceus",700,33.98,-88.53,2003,NA,NA,119.4,7.43
"Vireo_olivaceus",701,34.7,-85.28,2003,NA,NA,117.11,6.72
"Vireo_olivaceus",702,35.33,-82,2003,NA,NA,116.59,6.57
"Vireo_olivaceus",703,36,-78.75,2003,NA,NA,117.18,7.02
"Vireo_olivaceus",723,27.2,-98.15,2003,NA,NA,122.75,14.5
"Vireo_olivaceus",724,28.28,-95.78,2003,NA,NA,122.51,11.94
"Vireo_olivaceus",725,29.31,-93.38,2003,NA,NA,121.93,10.62
"Vireo_olivaceus",726,30.29,-90.96,2003,NA,NA,119.96,9.31
"Vireo_olivaceus",727,31.23,-88.53,2003,NA,NA,118.11,8.29
"Vireo_olivaceus",728,32.11,-86.07,2003,NA,NA,114.83,7.36
"Vireo_olivaceus",729,32.95,-83.6,2003,98.54,6.17,107.2,4.96
"Vireo_olivaceus",730,33.53,-80.33,2003,NA,NA,115.55,8.45
"Vireo_olivaceus",732,33.53,-77.17,2003,NA,NA,116.81,9.74
"Vireo_olivaceus",733,35.33,-75.5,2003,NA,NA,117.09,8.86
"Vireo_olivaceus",736,40.68,-69.9,2003,NA,NA,138.97,9.55
"Vireo_olivaceus",738,44.14,-65.58,2003,NA,NA,139.92,10.84
"Vireo_olivaceus",739,45.82,-63.21,2003,NA,NA,139.82,11.04
"Vireo_olivaceus",740,47.45,-60.68,2003,NA,NA,139.54,12.34
"Vireo_olivaceus",741,49.03,-57.98,2003,NA,NA,139.29,13.9
"Vireo_olivaceus",767,44.86,-59.71,2003,NA,NA,139.47,13.48
"Vireo_olivaceus",768,46.43,-57.12,2003,NA,NA,139.58,14.11
"Vireo_olivaceus",769,47.93,-54.37,2003,NA,NA,139.51,16.31
"Vireo_olivaceus",785,27.2,-78.75,2003,NA,NA,111.94,17.28
"Vireo_olivaceus",3670,28.52,-88.63,2003,NA,NA,117.95,10.6
"Vireo_olivaceus",3671,29.4,-86.18,2003,NA,NA,115.88,9.25
"Vireo_olivaceus",3672,30.23,-83.72,2003,NA,NA,112.38,8.05
"Vireo_olivaceus",3673,31,-81.24,2003,NA,NA,111.68,8.66
"Vireo_olivaceus",3700,28.22,-81.6,2003,NA,NA,111.8,11.78
"Vireo_olivaceus",424,54.11,-97.38,2004,NA,NA,130.29,14.63
"Vireo_olivaceus",451,51.58,-98.5,2004,NA,NA,130.43,12.74
"Vireo_olivaceus",452,52.48,-94.42,2004,NA,NA,130.39,12.32
"Vireo_olivaceus",478,49.03,-99.52,2004,NA,NA,130.26,12.36
"Vireo_olivaceus",479,49.98,-95.68,2004,NA,NA,130.32,10.78
"Vireo_olivaceus",480,50.79,-91.68,2004,NA,NA,130.91,10.18
"Vireo_olivaceus",481,51.49,-87.52,2004,NA,NA,131.32,10.74
"Vireo_olivaceus",484,52.11,-74.29,2004,NA,NA,134.2,10.31
"Vireo_olivaceus",485,51.49,-69.98,2004,NA,NA,134.42,10.22
"Vireo_olivaceus",486,50.79,-65.82,2004,NA,NA,134.61,10.86
"Vireo_olivaceus",487,49.98,-61.82,2004,NA,NA,134.16,11.77
"Vireo_olivaceus",506,47.45,-96.82,2004,NA,NA,130.06,9.79
"Vireo_olivaceus",507,48.32,-93.05,2004,NA,NA,130.38,9.18
"Vireo_olivaceus",508,49.07,-89.13,2004,NA,NA,131.09,8.65
"Vireo_olivaceus",509,49.73,-85.08,2004,NA,NA,132.09,8.64
"Vireo_olivaceus",510,50.34,-80.89,2004,NA,NA,133.23,8.77
"Vireo_olivaceus",511,50.34,-76.61,2004,NA,NA,134.09,8.29
"Vireo_olivaceus",512,49.73,-72.42,2004,NA,NA,134.29,8.49
"Vireo_olivaceus",513,49.07,-68.37,2004,NA,NA,134.19,9.05
"Vireo_olivaceus",514,48.32,-64.45,2004,NA,NA,134.3,10.21
"Vireo_olivaceus",533,44.86,-97.79,2004,NA,NA,129.4,9.67
"Vireo_olivaceus",534,45.82,-94.29,2004,NA,NA,129.83,8.43
"Vireo_olivaceus",535,46.62,-90.59,2004,NA,NA,131.02,7.87
"Vireo_olivaceus",536,47.32,-86.77,2004,NA,NA,131.97,7.77
"Vireo_olivaceus",537,47.96,-82.82,2004,NA,NA,132.7,7.48
"Vireo_olivaceus",538,48.59,-78.75,2004,NA,NA,133.86,7.33
"Vireo_olivaceus",539,47.96,-74.68,2004,NA,NA,134.77,7.02
"Vireo_olivaceus",540,47.32,-70.73,2004,NA,NA,134.8,7.46
"Vireo_olivaceus",541,46.62,-66.91,2004,NA,NA,134.44,8.96
"Vireo_olivaceus",560,42.25,-98.7,2004,NA,NA,128.09,9.78
"Vireo_olivaceus",561,43.25,-95.37,2004,NA,NA,128.87,8.18
"Vireo_olivaceus",562,44.14,-91.92,2004,NA,NA,130.23,7.13
"Vireo_olivaceus",563,44.89,-88.3,2004,NA,NA,132.12,6.55
"Vireo_olivaceus",564,45.56,-84.56,2004,NA,NA,132.56,6.76
"Vireo_olivaceus",565,46.19,-80.71,2004,NA,NA,132.83,6.68
"Vireo_olivaceus",566,46.19,-76.79,2004,NA,NA,135.02,6.33
"Vireo_olivaceus",567,45.56,-72.94,2004,138.09,3.14,137.26,2.85
"Vireo_olivaceus",568,44.89,-69.2,2004,NA,NA,134.49,7.38
"Vireo_olivaceus",587,39.62,-99.59,2004,NA,NA,126.64,10.49
"Vireo_olivaceus",588,40.65,-96.39,2004,NA,NA,127.2,8.22
"Vireo_olivaceus",589,41.59,-93.1,2004,NA,NA,128.54,7.11
"Vireo_olivaceus",590,42.43,-89.69,2004,132.77,4.42,131.75,3.62
"Vireo_olivaceus",591,43.13,-86.14,2004,138.92,5.72,134.49,4.03
"Vireo_olivaceus",592,43.78,-82.5,2004,NA,NA,131.04,5.91
"Vireo_olivaceus",593,44.43,-78.75,2004,NA,NA,132.38,5.85
"Vireo_olivaceus",594,43.78,-75,2004,160.3,10.46,138.71,5.03
"Vireo_olivaceus",595,43.13,-71.36,2004,131.72,2.6,132.37,2.43
"Vireo_olivaceus",615,38.04,-97.42,2004,NA,NA,125.26,8.57
"Vireo_olivaceus",616,39.02,-94.23,2004,NA,NA,125.87,7.55
"Vireo_olivaceus",617,39.9,-90.96,2004,NA,NA,127.33,6.42
"Vireo_olivaceus",618,40.68,-87.6,2004,130.93,2.89,130.34,2.65
"Vireo_olivaceus",619,41.36,-84.13,2004,127.09,5.11,127.51,3.71
"Vireo_olivaceus",620,42.01,-80.56,2004,127.1,2.17,127.18,2.06
"Vireo_olivaceus",621,42.01,-76.94,2004,129.51,2.96,129.74,2.59
"Vireo_olivaceus",622,41.36,-73.37,2004,138.08,8.53,133.87,4.83
"Vireo_olivaceus",642,35.41,-98.54,2004,NA,NA,122.94,9.41
"Vireo_olivaceus",643,36.43,-95.4,2004,NA,NA,123.26,8.11
"Vireo_olivaceus",644,37.35,-92.21,2004,NA,NA,123.75,7.4
"Vireo_olivaceus",645,38.19,-88.95,2004,NA,NA,123.68,6.41
"Vireo_olivaceus",646,38.91,-85.63,2004,NA,NA,122.43,5.95
"Vireo_olivaceus",647,39.58,-82.23,2004,126.12,11.05,122.24,4.88
"Vireo_olivaceus",648,40.23,-78.75,2004,123.17,3.2,122.95,2.84
"Vireo_olivaceus",649,39.58,-75.27,2004,125.68,2.4,125.67,2.29
"Vireo_olivaceus",669,32.64,-98.28,2004,NA,NA,121.46,10.31
"Vireo_olivaceus",670,33.74,-95.9,2004,NA,NA,121.6,8.77
"Vireo_olivaceus",671,34.8,-93.51,2004,NA,NA,121.24,7.95
"Vireo_olivaceus",672,35.67,-90.31,2004,NA,NA,120.27,7.29
"Vireo_olivaceus",673,36.45,-87.06,2004,NA,NA,118.19,6.52
"Vireo_olivaceus",674,37.13,-83.76,2004,109.25,4.42,112.63,3.74
"Vireo_olivaceus",675,37.79,-80.44,2004,NA,NA,116.21,5.8
"Vireo_olivaceus",676,37.79,-77.06,2004,112.7,2.67,113.65,2.53
"Vireo_olivaceus",696,29.9,-98.18,2004,NA,NA,120.86,11.59
"Vireo_olivaceus",697,30.99,-95.79,2004,NA,NA,120.58,9.92
"Vireo_olivaceus",698,32.03,-93.38,2004,NA,NA,120.02,8.82
"Vireo_olivaceus",699,33.03,-90.96,2004,NA,NA,118.53,7.9
"Vireo_olivaceus",700,33.98,-88.53,2004,NA,NA,116.3,7.27
"Vireo_olivaceus",701,34.7,-85.28,2004,NA,NA,113,6.31
"Vireo_olivaceus",702,35.33,-82,2004,NA,NA,111.94,6.24
"Vireo_olivaceus",703,36,-78.75,2004,NA,NA,113.34,6.87
"Vireo_olivaceus",723,27.2,-98.15,2004,NA,NA,120.91,14.09
"Vireo_olivaceus",724,28.28,-95.78,2004,NA,NA,120.27,11.59
"Vireo_olivaceus",725,29.31,-93.38,2004,NA,NA,119.7,10.24
"Vireo_olivaceus",726,30.29,-90.96,2004,NA,NA,118.07,9.04
"Vireo_olivaceus",727,31.23,-88.53,2004,NA,NA,115.9,8.04
"Vireo_olivaceus",728,32.11,-86.07,2004,NA,NA,112.47,7.03
"Vireo_olivaceus",729,32.95,-83.6,2004,103.08,4.4,106.23,3.85
"Vireo_olivaceus",730,33.53,-80.33,2004,NA,NA,111.73,8.22
"Vireo_olivaceus",732,33.53,-77.17,2004,NA,NA,112.69,9.6
"Vireo_olivaceus",733,35.33,-75.5,2004,NA,NA,113.2,8.94
"Vireo_olivaceus",736,40.68,-69.9,2004,NA,NA,132.8,9.24
"Vireo_olivaceus",738,44.14,-65.58,2004,NA,NA,134.22,10.6
"Vireo_olivaceus",739,45.82,-63.21,2004,NA,NA,134.5,10.83
"Vireo_olivaceus",740,47.45,-60.68,2004,NA,NA,134.38,11.72
"Vireo_olivaceus",741,49.03,-57.98,2004,NA,NA,134.41,13.2
"Vireo_olivaceus",767,44.86,-59.71,2004,NA,NA,134.23,13.02
"Vireo_olivaceus",768,46.43,-57.12,2004,NA,NA,134.05,13.41
"Vireo_olivaceus",769,47.93,-54.37,2004,NA,NA,134.24,15.38
"Vireo_olivaceus",785,27.2,-78.75,2004,NA,NA,109.57,16.85
"Vireo_olivaceus",3670,28.52,-88.63,2004,NA,NA,115.79,10.02
"Vireo_olivaceus",3671,29.4,-86.18,2004,NA,NA,113.76,8.89
"Vireo_olivaceus",3672,30.23,-83.72,2004,NA,NA,110.65,7.81
"Vireo_olivaceus",3673,31,-81.24,2004,NA,NA,109.43,8.36
"Vireo_olivaceus",3700,28.22,-81.6,2004,NA,NA,109.68,11.43
"Vireo_olivaceus",424,54.11,-97.38,2005,NA,NA,135.56,14.8
"Vireo_olivaceus",451,51.58,-98.5,2005,NA,NA,135.76,12.68
"Vireo_olivaceus",452,52.48,-94.42,2005,NA,NA,135.8,12.38
"Vireo_olivaceus",478,49.03,-99.52,2005,NA,NA,135.33,12.44
"Vireo_olivaceus",479,49.98,-95.68,2005,NA,NA,135.61,10.74
"Vireo_olivaceus",480,50.79,-91.68,2005,NA,NA,136.73,10.2
"Vireo_olivaceus",481,51.49,-87.52,2005,NA,NA,137.99,10.48
"Vireo_olivaceus",484,52.11,-74.29,2005,NA,NA,151.09,9.47
"Vireo_olivaceus",485,51.49,-69.98,2005,NA,NA,152.55,8.88
"Vireo_olivaceus",486,50.79,-65.82,2005,NA,NA,153.6,9.48
"Vireo_olivaceus",487,49.98,-61.82,2005,NA,NA,153.82,10.3
"Vireo_olivaceus",506,47.45,-96.82,2005,NA,NA,135.16,10.12
"Vireo_olivaceus",507,48.32,-93.05,2005,NA,NA,136.28,9.26
"Vireo_olivaceus",508,49.07,-89.13,2005,NA,NA,137.77,8.72
"Vireo_olivaceus",509,49.73,-85.08,2005,NA,NA,140.39,8.56
"Vireo_olivaceus",510,50.34,-80.89,2005,NA,NA,144.1,8.31
"Vireo_olivaceus",511,50.34,-76.61,2005,NA,NA,148.88,7.62
"Vireo_olivaceus",512,49.73,-72.42,2005,NA,NA,151.99,7.17
"Vireo_olivaceus",513,49.07,-68.37,2005,NA,NA,153.73,7.46
"Vireo_olivaceus",514,48.32,-64.45,2005,NA,NA,154.24,8.64
"Vireo_olivaceus",533,44.86,-97.79,2005,NA,NA,134.11,9.72
"Vireo_olivaceus",534,45.82,-94.29,2005,NA,NA,135.37,8.71
"Vireo_olivaceus",535,46.62,-90.59,2005,NA,NA,136.76,7.98
"Vireo_olivaceus",536,47.32,-86.77,2005,NA,NA,138.93,7.57
"Vireo_olivaceus",537,47.96,-82.82,2005,NA,NA,141.86,7.23
"Vireo_olivaceus",538,48.59,-78.75,2005,NA,NA,146.23,6.58
"Vireo_olivaceus",539,47.96,-74.68,2005,NA,NA,150.94,6.09
"Vireo_olivaceus",540,47.32,-70.73,2005,157.74,4.86,155.45,4.02
"Vireo_olivaceus",541,46.62,-66.91,2005,NA,NA,155.02,6.98
"Vireo_olivaceus",560,42.25,-98.7,2005,NA,NA,132.2,9.58
"Vireo_olivaceus",561,43.25,-95.37,2005,NA,NA,133.25,8.28
"Vireo_olivaceus",562,44.14,-91.92,2005,NA,NA,135.61,7.29
"Vireo_olivaceus",563,44.89,-88.3,2005,NA,NA,137.39,6.89
"Vireo_olivaceus",564,45.56,-84.56,2005,NA,NA,138.86,6.6
"Vireo_olivaceus",565,46.19,-80.71,2005,NA,NA,142.44,6.11
"Vireo_olivaceus",566,46.19,-76.79,2005,152.34,4.68,149.51,3.61
"Vireo_olivaceus",567,45.56,-72.94,2005,156.15,3.98,153.21,3.22
"Vireo_olivaceus",568,44.89,-69.2,2005,NA,NA,152.53,6.24
"Vireo_olivaceus",587,39.62,-99.59,2005,NA,NA,130.74,10.36
"Vireo_olivaceus",588,40.65,-96.39,2005,NA,NA,131.31,8.19
"Vireo_olivaceus",589,41.59,-93.1,2005,NA,NA,133.06,7.19
"Vireo_olivaceus",590,42.43,-89.69,2005,145.56,6.77,137.96,4.75
"Vireo_olivaceus",591,43.13,-86.14,2005,139.66,7.41,136.46,4.61
"Vireo_olivaceus",592,43.78,-82.5,2005,NA,NA,136.97,5.69
"Vireo_olivaceus",593,44.43,-78.75,2005,146.57,8.15,141.28,4.5
"Vireo_olivaceus",594,43.78,-75,2005,NA,NA,142.13,5.63
"Vireo_olivaceus",595,43.13,-71.36,2005,139.4,2.52,140.31,2.35
"Vireo_olivaceus",615,38.04,-97.42,2005,NA,NA,128.68,8.79
"Vireo_olivaceus",616,39.02,-94.23,2005,NA,NA,129.6,7.57
"Vireo_olivaceus",617,39.9,-90.96,2005,NA,NA,130.3,6.43
"Vireo_olivaceus",618,40.68,-87.6,2005,128.17,3.18,128.84,2.74
"Vireo_olivaceus",619,41.36,-84.13,2005,129.31,4.5,129.95,3.52
"Vireo_olivaceus",620,42.01,-80.56,2005,132.55,2.39,132.56,2.18
"Vireo_olivaceus",621,42.01,-76.94,2005,131.29,1.84,131.83,1.75
"Vireo_olivaceus",622,41.36,-73.37,2005,137.73,4.89,137.14,3.93
"Vireo_olivaceus",642,35.41,-98.54,2005,NA,NA,126.02,10.01
"Vireo_olivaceus",643,36.43,-95.4,2005,NA,NA,126.57,8.19
"Vireo_olivaceus",644,37.35,-92.21,2005,NA,NA,126.53,7.38
"Vireo_olivaceus",645,38.19,-88.95,2005,NA,NA,126.05,6.44
"Vireo_olivaceus",646,38.91,-85.63,2005,NA,NA,124.58,5.95
"Vireo_olivaceus",647,39.58,-82.23,2005,NA,NA,125.72,5.52
"Vireo_olivaceus",648,40.23,-78.75,2005,133.77,6.75,129.66,4.29
"Vireo_olivaceus",649,39.58,-75.27,2005,130,3.58,130,3.1
"Vireo_olivaceus",669,32.64,-98.28,2005,NA,NA,124.48,10.81
"Vireo_olivaceus",670,33.74,-95.9,2005,NA,NA,124.59,9.04
"Vireo_olivaceus",671,34.8,-93.51,2005,NA,NA,124.5,8.08
"Vireo_olivaceus",672,35.67,-90.31,2005,NA,NA,123.49,7.29
"Vireo_olivaceus",673,36.45,-87.06,2005,NA,NA,121.26,6.49
"Vireo_olivaceus",674,37.13,-83.76,2005,108.64,5.39,115.54,4.21
"Vireo_olivaceus",675,37.79,-80.44,2005,NA,NA,122.59,5.65
"Vireo_olivaceus",676,37.79,-77.06,2005,121.38,2.03,121.81,2
"Vireo_olivaceus",696,29.9,-98.18,2005,NA,NA,123.68,12.09
"Vireo_olivaceus",697,30.99,-95.79,2005,NA,NA,123.83,10.18
"Vireo_olivaceus",698,32.03,-93.38,2005,NA,NA,122.93,9.07
"Vireo_olivaceus",699,33.03,-90.96,2005,NA,NA,121.86,8.19
"Vireo_olivaceus",700,33.98,-88.53,2005,NA,NA,120.37,7.25
"Vireo_olivaceus",701,34.7,-85.28,2005,NA,NA,117.62,6.56
"Vireo_olivaceus",702,35.33,-82,2005,133.51,10.48,121.11,5.32
"Vireo_olivaceus",703,36,-78.75,2005,NA,NA,121.28,6.22
"Vireo_olivaceus",723,27.2,-98.15,2005,NA,NA,123.25,14.48
"Vireo_olivaceus",724,28.28,-95.78,2005,NA,NA,123.67,11.95
"Vireo_olivaceus",725,29.31,-93.38,2005,NA,NA,122.67,10.62
"Vireo_olivaceus",726,30.29,-90.96,2005,NA,NA,121.38,9.29
"Vireo_olivaceus",727,31.23,-88.53,2005,NA,NA,119.51,8.39
"Vireo_olivaceus",728,32.11,-86.07,2005,NA,NA,117.06,7.44
"Vireo_olivaceus",729,32.95,-83.6,2005,93.21,9.95,111.35,6.26
"Vireo_olivaceus",730,33.53,-80.33,2005,121.64,8.65,120.25,6.11
"Vireo_olivaceus",732,33.53,-77.17,2005,NA,NA,120.9,8.96
"Vireo_olivaceus",733,35.33,-75.5,2005,NA,NA,121.22,8.74
"Vireo_olivaceus",736,40.68,-69.9,2005,NA,NA,138.75,9.31
"Vireo_olivaceus",738,44.14,-65.58,2005,164.05,8.81,158.06,6.63
"Vireo_olivaceus",739,45.82,-63.21,2005,NA,NA,154.98,8.93
"Vireo_olivaceus",740,47.45,-60.68,2005,NA,NA,154.43,10.13
"Vireo_olivaceus",741,49.03,-57.98,2005,NA,NA,153.77,11.89
"Vireo_olivaceus",767,44.86,-59.71,2005,NA,NA,154.36,11.74
"Vireo_olivaceus",768,46.43,-57.12,2005,NA,NA,154.02,12.17
"Vireo_olivaceus",769,47.93,-54.37,2005,NA,NA,153.87,14.3
"Vireo_olivaceus",785,27.2,-78.75,2005,NA,NA,114.33,17.38
"Vireo_olivaceus",3670,28.52,-88.63,2005,NA,NA,119.79,10.59
"Vireo_olivaceus",3671,29.4,-86.18,2005,NA,NA,117.69,9.37
"Vireo_olivaceus",3672,30.23,-83.72,2005,NA,NA,115.25,8.47
"Vireo_olivaceus",3673,31,-81.24,2005,NA,NA,115.46,8.55
"Vireo_olivaceus",3700,28.22,-81.6,2005,NA,NA,115.13,11.59
"Vireo_olivaceus",424,54.11,-97.38,2006,NA,NA,138.64,14.45
"Vireo_olivaceus",451,51.58,-98.5,2006,NA,NA,138.32,12.15
"Vireo_olivaceus",452,52.48,-94.42,2006,NA,NA,138.42,11.74
"Vireo_olivaceus",478,49.03,-99.52,2006,NA,NA,138,11.79
"Vireo_olivaceus",479,49.98,-95.68,2006,NA,NA,138.23,10.03
"Vireo_olivaceus",480,50.79,-91.68,2006,NA,NA,139.12,9.57
"Vireo_olivaceus",481,51.49,-87.52,2006,NA,NA,140.06,10.12
"Vireo_olivaceus",484,52.11,-74.29,2006,NA,NA,146.41,9.63
"Vireo_olivaceus",485,51.49,-69.98,2006,NA,NA,147.66,9.09
"Vireo_olivaceus",486,50.79,-65.82,2006,NA,NA,149.03,9.36
"Vireo_olivaceus",487,49.98,-61.82,2006,NA,NA,150.07,10.47
"Vireo_olivaceus",506,47.45,-96.82,2006,NA,NA,137.75,9.25
"Vireo_olivaceus",507,48.32,-93.05,2006,NA,NA,139.01,8.45
"Vireo_olivaceus",508,49.07,-89.13,2006,NA,NA,140.3,8.1
"Vireo_olivaceus",509,49.73,-85.08,2006,NA,NA,141.01,8.03
"Vireo_olivaceus",510,50.34,-80.89,2006,NA,NA,142.47,8.38
"Vireo_olivaceus",511,50.34,-76.61,2006,NA,NA,144.6,7.66
"Vireo_olivaceus",512,49.73,-72.42,2006,NA,NA,146.76,7.17
"Vireo_olivaceus",513,49.07,-68.37,2006,NA,NA,148.89,7.38
"Vireo_olivaceus",514,48.32,-64.45,2006,NA,NA,150.13,8.58
"Vireo_olivaceus",533,44.86,-97.79,2006,NA,NA,135.02,8.93
"Vireo_olivaceus",534,45.82,-94.29,2006,NA,NA,137.24,7.65
"Vireo_olivaceus",535,46.62,-90.59,2006,NA,NA,140.76,6.95
"Vireo_olivaceus",536,47.32,-86.77,2006,NA,NA,141.93,6.7
"Vireo_olivaceus",537,47.96,-82.82,2006,NA,NA,141.33,6.76
"Vireo_olivaceus",538,48.59,-78.75,2006,NA,NA,142.4,6.63
"Vireo_olivaceus",539,47.96,-74.68,2006,NA,NA,144.95,6.34
"Vireo_olivaceus",540,47.32,-70.73,2006,150.36,4.89,148.83,3.93
"Vireo_olivaceus",541,46.62,-66.91,2006,NA,NA,150.54,6.77
"Vireo_olivaceus",560,42.25,-98.7,2006,NA,NA,131.39,8.84
"Vireo_olivaceus",561,43.25,-95.37,2006,NA,NA,133.96,7.36
"Vireo_olivaceus",562,44.14,-91.92,2006,NA,NA,138.06,6.4
"Vireo_olivaceus",563,44.89,-88.3,2006,152.75,3.79,147.92,3.28
"Vireo_olivaceus",564,45.56,-84.56,2006,NA,NA,140.22,6
"Vireo_olivaceus",565,46.19,-80.71,2006,NA,NA,139.67,6.07
"Vireo_olivaceus",566,46.19,-76.79,2006,145.5,5.44,142.92,4.11
"Vireo_olivaceus",567,45.56,-72.94,2006,143.03,3.68,143.26,3.09
"Vireo_olivaceus",568,44.89,-69.2,2006,NA,NA,147.94,6.11
"Vireo_olivaceus",587,39.62,-99.59,2006,NA,NA,128.65,9.63
"Vireo_olivaceus",588,40.65,-96.39,2006,NA,NA,129.26,7.42
"Vireo_olivaceus",589,41.59,-93.1,2006,NA,NA,131.95,6.38
"Vireo_olivaceus",590,42.43,-89.69,2006,136.92,5.02,136.7,3.77
"Vireo_olivaceus",591,43.13,-86.14,2006,134.65,4.97,136.13,3.72
"Vireo_olivaceus",592,43.78,-82.5,2006,NA,NA,135.1,5.77
"Vireo_olivaceus",593,44.43,-78.75,2006,135.37,5.53,135.63,3.95
"Vireo_olivaceus",594,43.78,-75,2006,137.36,5.28,137.45,3.7
"Vireo_olivaceus",595,43.13,-71.36,2006,140.88,1.61,140.75,1.58
"Vireo_olivaceus",615,38.04,-97.42,2006,NA,NA,125.12,7.61
"Vireo_olivaceus",616,39.02,-94.23,2006,119.32,6.29,123.73,4.82
"Vireo_olivaceus",617,39.9,-90.96,2006,NA,NA,129.54,5.98
"Vireo_olivaceus",618,40.68,-87.6,2006,138.84,3.43,136.22,2.91
"Vireo_olivaceus",619,41.36,-84.13,2006,129.43,3.1,129.87,2.64
"Vireo_olivaceus",620,42.01,-80.56,2006,127.86,1.74,128.24,1.67
"Vireo_olivaceus",621,42.01,-76.94,2006,133.45,1.5,133.25,1.49
"Vireo_olivaceus",622,41.36,-73.37,2006,128.83,2.1,129.53,2.06
"Vireo_olivaceus",642,35.41,-98.54,2006,NA,NA,122.31,9.1
"Vireo_olivaceus",643,36.43,-95.4,2006,NA,NA,122.57,7.34
"Vireo_olivaceus",644,37.35,-92.21,2006,NA,NA,123.48,6.6
"Vireo_olivaceus",645,38.19,-88.95,2006,NA,NA,125.37,6.25
"Vireo_olivaceus",646,38.91,-85.63,2006,NA,NA,124.76,5.6
"Vireo_olivaceus",647,39.58,-82.23,2006,132.21,7.65,126.6,4.4
"Vireo_olivaceus",648,40.23,-78.75,2006,133.5,4.34,130.16,3.29
"Vireo_olivaceus",649,39.58,-75.27,2006,126.66,1.98,126.8,1.9
"Vireo_olivaceus",669,32.64,-98.28,2006,NA,NA,120.41,10.29
"Vireo_olivaceus",670,33.74,-95.9,2006,NA,NA,120.57,8.51
"Vireo_olivaceus",671,34.8,-93.51,2006,NA,NA,120.43,7.46
"Vireo_olivaceus",672,35.67,-90.31,2006,NA,NA,119.87,6.81
"Vireo_olivaceus",673,36.45,-87.06,2006,NA,NA,117.71,6.16
"Vireo_olivaceus",674,37.13,-83.76,2006,109.11,3.84,112.25,3.23
"Vireo_olivaceus",675,37.79,-80.44,2006,NA,NA,119.11,5.38
"Vireo_olivaceus",676,37.79,-77.06,2006,118.98,2.12,119.21,2
"Vireo_olivaceus",696,29.9,-98.18,2006,NA,NA,119.65,11.7
"Vireo_olivaceus",697,30.99,-95.79,2006,NA,NA,119.51,9.78
"Vireo_olivaceus",698,32.03,-93.38,2006,NA,NA,118.91,8.52
"Vireo_olivaceus",699,33.03,-90.96,2006,NA,NA,117.05,7.67
"Vireo_olivaceus",700,33.98,-88.53,2006,NA,NA,114.85,6.78
"Vireo_olivaceus",701,34.7,-85.28,2006,105.64,5.38,109.06,4.06
"Vireo_olivaceus",702,35.33,-82,2006,NA,NA,111.64,5.8
"Vireo_olivaceus",703,36,-78.75,2006,NA,NA,114.4,6.18
"Vireo_olivaceus",723,27.2,-98.15,2006,NA,NA,119.58,14.37
"Vireo_olivaceus",724,28.28,-95.78,2006,NA,NA,119.29,11.73
"Vireo_olivaceus",725,29.31,-93.38,2006,NA,NA,118.64,10.29
"Vireo_olivaceus",726,30.29,-90.96,2006,NA,NA,116.57,8.72
"Vireo_olivaceus",727,31.23,-88.53,2006,NA,NA,114.3,7.73
"Vireo_olivaceus",728,32.11,-86.07,2006,NA,NA,110.74,6.78
"Vireo_olivaceus",729,32.95,-83.6,2006,104.14,5.79,106.64,4.43
"Vireo_olivaceus",730,33.53,-80.33,2006,107,4.52,108.39,3.97
"Vireo_olivaceus",732,33.53,-77.17,2006,NA,NA,112.78,8.94
"Vireo_olivaceus",733,35.33,-75.5,2006,NA,NA,115.47,8.38
"Vireo_olivaceus",736,40.68,-69.9,2006,NA,NA,135.23,9.25
"Vireo_olivaceus",738,44.14,-65.58,2006,164.34,8.11,156.55,6.14
"Vireo_olivaceus",739,45.82,-63.21,2006,NA,NA,151.75,8.87
"Vireo_olivaceus",740,47.45,-60.68,2006,NA,NA,150.75,10.16
"Vireo_olivaceus",741,49.03,-57.98,2006,NA,NA,150.19,12.09
"Vireo_olivaceus",767,44.86,-59.71,2006,NA,NA,151.1,11.69
"Vireo_olivaceus",768,46.43,-57.12,2006,NA,NA,150.64,12.35
"Vireo_olivaceus",769,47.93,-54.37,2006,NA,NA,150.75,14.55
"Vireo_olivaceus",785,27.2,-78.75,2006,NA,NA,103.86,14.4
"Vireo_olivaceus",3670,28.52,-88.63,2006,NA,NA,114.1,9.67
"Vireo_olivaceus",3671,29.4,-86.18,2006,NA,NA,111.79,8.52
"Vireo_olivaceus",3672,30.23,-83.72,2006,NA,NA,108.13,7.09
"Vireo_olivaceus",3673,31,-81.24,2006,NA,NA,106.93,7.37
"Vireo_olivaceus",3700,28.22,-81.6,2006,101.3,9.17,104.43,7.15
"Vireo_olivaceus",424,54.11,-97.38,2007,NA,NA,133.21,14.55
"Vireo_olivaceus",451,51.58,-98.5,2007,NA,NA,132.97,12.07
"Vireo_olivaceus",452,52.48,-94.42,2007,NA,NA,132.96,11.68
"Vireo_olivaceus",478,49.03,-99.52,2007,NA,NA,132.88,11.8
"Vireo_olivaceus",479,49.98,-95.68,2007,NA,NA,133.11,10.06
"Vireo_olivaceus",480,50.79,-91.68,2007,NA,NA,133.71,9.49
"Vireo_olivaceus",481,51.49,-87.52,2007,NA,NA,134.57,10.3
"Vireo_olivaceus",484,52.11,-74.29,2007,NA,NA,141.47,9.6
"Vireo_olivaceus",485,51.49,-69.98,2007,NA,NA,142.47,9.12
"Vireo_olivaceus",486,50.79,-65.82,2007,NA,NA,143.24,9.49
"Vireo_olivaceus",487,49.98,-61.82,2007,NA,NA,143.44,10.65
"Vireo_olivaceus",506,47.45,-96.82,2007,NA,NA,132.68,9.13
"Vireo_olivaceus",507,48.32,-93.05,2007,NA,NA,133.42,8.29
"Vireo_olivaceus",508,49.07,-89.13,2007,NA,NA,134.36,7.93
"Vireo_olivaceus",509,49.73,-85.08,2007,NA,NA,135.22,7.96
"Vireo_olivaceus",510,50.34,-80.89,2007,NA,NA,136.9,8.05
"Vireo_olivaceus",511,50.34,-76.61,2007,NA,NA,139.83,7.46
"Vireo_olivaceus",512,49.73,-72.42,2007,NA,NA,142.06,7.16
"Vireo_olivaceus",513,49.07,-68.37,2007,NA,NA,143.18,7.61
"Vireo_olivaceus",514,48.32,-64.45,2007,NA,NA,143.73,8.69
"Vireo_olivaceus",533,44.86,-97.79,2007,NA,NA,130.61,8.77
"Vireo_olivaceus",534,45.82,-94.29,2007,NA,NA,132.68,7.41
"Vireo_olivaceus",535,46.62,-90.59,2007,NA,NA,134.46,6.68
"Vireo_olivaceus",536,47.32,-86.77,2007,NA,NA,134.97,6.51
"Vireo_olivaceus",537,47.96,-82.82,2007,NA,NA,135.44,6.72
"Vireo_olivaceus",538,48.59,-78.75,2007,NA,NA,137.62,6.37
"Vireo_olivaceus",539,47.96,-74.68,2007,NA,NA,141.25,6.07
"Vireo_olivaceus",540,47.32,-70.73,2007,145.25,5.59,144.45,4.33
"Vireo_olivaceus",541,46.62,-66.91,2007,NA,NA,144.39,6.97
"Vireo_olivaceus",560,42.25,-98.7,2007,NA,NA,127.16,8.81
"Vireo_olivaceus",561,43.25,-95.37,2007,NA,NA,129.79,7.09
"Vireo_olivaceus",562,44.14,-91.92,2007,143.24,7.29,135.41,4.72
"Vireo_olivaceus",563,44.89,-88.3,2007,136.47,1.28,136.32,1.26
"Vireo_olivaceus",564,45.56,-84.56,2007,NA,NA,134.05,5.93
"Vireo_olivaceus",565,46.19,-80.71,2007,NA,NA,134.56,5.88
"Vireo_olivaceus",566,46.19,-76.79,2007,135.9,2.78,136.71,2.5
"Vireo_olivaceus",567,45.56,-72.94,2007,150.4,3.21,147.73,2.79
"Vireo_olivaceus",568,44.89,-69.2,2007,138.73,12.69,143.51,5.69
"Vireo_olivaceus",587,39.62,-99.59,2007,NA,NA,124.41,9.71
"Vireo_olivaceus",588,40.65,-96.39,2007,NA,NA,125.03,7.08
"Vireo_olivaceus",589,41.59,-93.1,2007,NA,NA,127.22,5.98
"Vireo_olivaceus",590,42.43,-89.69,2007,128.01,1.68,128.32,1.6
"Vireo_olivaceus",591,43.13,-86.14,2007,130.2,2.41,130.54,2.3
"Vireo_olivaceus",592,43.78,-82.5,2007,NA,NA,132.18,5.41
"Vireo_olivaceus",593,44.43,-78.75,2007,132.05,3.89,132.99,3.19
"Vireo_olivaceus",594,43.78,-75,2007,144.87,4.67,141.2,3.46
"Vireo_olivaceus",595,43.13,-71.36,2007,138.15,1.29,138.21,1.23
"Vireo_olivaceus",615,38.04,-97.42,2007,NA,NA,120.86,7.55
"Vireo_olivaceus",616,39.02,-94.23,2007,117.24,7.09,120.45,5
"Vireo_olivaceus",617,39.9,-90.96,2007,NA,NA,124.09,5.59
"Vireo_olivaceus",618,40.68,-87.6,2007,132.91,2.95,131.19,2.66
"Vireo_olivaceus",619,41.36,-84.13,2007,130.8,2.53,130.41,2.27
"Vireo_olivaceus",620,42.01,-80.56,2007,131.2,2.06,131.19,1.94
"Vireo_olivaceus",621,42.01,-76.94,2007,133.07,1.17,133.08,1.14
"Vireo_olivaceus",622,41.36,-73.37,2007,130.86,1.52,131.15,1.43
"Vireo_olivaceus",642,35.41,-98.54,2007,NA,NA,116.47,8.43
"Vireo_olivaceus",643,36.43,-95.4,2007,NA,NA,117.53,6.85
"Vireo_olivaceus",644,37.35,-92.21,2007,NA,NA,117.93,6.09
"Vireo_olivaceus",645,38.19,-88.95,2007,NA,NA,119.49,5.68
"Vireo_olivaceus",646,38.91,-85.63,2007,119.25,6.6,121.16,4.33
"Vireo_olivaceus",647,39.58,-82.23,2007,125.34,3.97,125.22,3.17
"Vireo_olivaceus",648,40.23,-78.75,2007,141.21,6.11,131.99,4.11
"Vireo_olivaceus",649,39.58,-75.27,2007,126.97,1.4,126.98,1.37
"Vireo_olivaceus",669,32.64,-98.28,2007,NA,NA,114.21,9.12
"Vireo_olivaceus",670,33.74,-95.9,2007,NA,NA,114.74,7.16
"Vireo_olivaceus",671,34.8,-93.51,2007,NA,NA,114.18,6.18
"Vireo_olivaceus",672,35.67,-90.31,2007,112,5.91,112.66,4.16
"Vireo_olivaceus",673,36.45,-87.06,2007,106.22,4.04,109.33,3.26
"Vireo_olivaceus",674,37.13,-83.76,2007,119.81,3.22,118.86,2.83
"Vireo_olivaceus",675,37.79,-80.44,2007,113.25,6.8,118.45,4.21
"Vireo_olivaceus",676,37.79,-77.06,2007,117.79,1.36,118,1.36
"Vireo_olivaceus",696,29.9,-98.18,2007,NA,NA,112.77,10.31
"Vireo_olivaceus",697,30.99,-95.79,2007,NA,NA,112.44,7.92
"Vireo_olivaceus",698,32.03,-93.38,2007,114.75,6.31,112.42,4.82
"Vireo_olivaceus",699,33.03,-90.96,2007,NA,NA,109.52,6.01
"Vireo_olivaceus",700,33.98,-88.53,2007,NA,NA,108.54,5.65
"Vireo_olivaceus",701,34.7,-85.28,2007,102.6,4.14,105.96,3.25
"Vireo_olivaceus",702,35.33,-82,2007,133.5,8.47,117.65,4.55
"Vireo_olivaceus",703,36,-78.75,2007,118.02,4.46,116.47,3.49
"Vireo_olivaceus",723,27.2,-98.15,2007,NA,NA,112.1,13.1
"Vireo_olivaceus",724,28.28,-95.78,2007,NA,NA,111.85,10.19
"Vireo_olivaceus",725,29.31,-93.38,2007,NA,NA,110.16,8.15
"Vireo_olivaceus",726,30.29,-90.96,2007,101.36,3.92,103.77,3.47
"Vireo_olivaceus",727,31.23,-88.53,2007,NA,NA,106.7,6.44
"Vireo_olivaceus",728,32.11,-86.07,2007,NA,NA,106.61,6.44
"Vireo_olivaceus",729,32.95,-83.6,2007,102.83,6.69,106.02,4.96
"Vireo_olivaceus",730,33.53,-80.33,2007,102.33,3.33,104.6,3.07
"Vireo_olivaceus",732,33.53,-77.17,2007,NA,NA,112,7.96
"Vireo_olivaceus",733,35.33,-75.5,2007,NA,NA,115.42,8.06
"Vireo_olivaceus",736,40.68,-69.9,2007,NA,NA,134.66,8.97
"Vireo_olivaceus",738,44.14,-65.58,2007,151.04,7.86,147.32,6.16
"Vireo_olivaceus",739,45.82,-63.21,2007,NA,NA,144.78,9.02
"Vireo_olivaceus",740,47.45,-60.68,2007,NA,NA,143.69,10.39
"Vireo_olivaceus",741,49.03,-57.98,2007,NA,NA,143.49,12.18
"Vireo_olivaceus",767,44.86,-59.71,2007,NA,NA,143.93,11.89
"Vireo_olivaceus",768,46.43,-57.12,2007,NA,NA,143.8,12.35
"Vireo_olivaceus",769,47.93,-54.37,2007,NA,NA,143.22,14.88
"Vireo_olivaceus",785,27.2,-78.75,2007,NA,NA,105.65,16.99
"Vireo_olivaceus",3670,28.52,-88.63,2007,NA,NA,105.66,8.85
"Vireo_olivaceus",3671,29.4,-86.18,2007,NA,NA,106.02,8.08
"Vireo_olivaceus",3672,30.23,-83.72,2007,NA,NA,106.04,7.65
"Vireo_olivaceus",3673,31,-81.24,2007,NA,NA,105.8,8.17
"Vireo_olivaceus",3700,28.22,-81.6,2007,NA,NA,105.91,11.09
"Vireo_olivaceus",424,54.11,-97.38,2008,NA,NA,143.13,13.7
"Vireo_olivaceus",451,51.58,-98.5,2008,NA,NA,142.78,11.6
"Vireo_olivaceus",452,52.48,-94.42,2008,NA,NA,143.14,11.15
"Vireo_olivaceus",478,49.03,-99.52,2008,NA,NA,142.53,10.98
"Vireo_olivaceus",479,49.98,-95.68,2008,NA,NA,142.81,9.25
"Vireo_olivaceus",480,50.79,-91.68,2008,NA,NA,143.92,8.6
"Vireo_olivaceus",481,51.49,-87.52,2008,NA,NA,144.23,9.71
"Vireo_olivaceus",484,52.11,-74.29,2008,NA,NA,147.81,9.34
"Vireo_olivaceus",485,51.49,-69.98,2008,NA,NA,148.46,8.67
"Vireo_olivaceus",486,50.79,-65.82,2008,NA,NA,148.77,9.05
"Vireo_olivaceus",487,49.98,-61.82,2008,NA,NA,148.43,10.02
"Vireo_olivaceus",506,47.45,-96.82,2008,NA,NA,141.54,8.44
"Vireo_olivaceus",507,48.32,-93.05,2008,NA,NA,143.83,7.5
"Vireo_olivaceus",508,49.07,-89.13,2008,NA,NA,145.06,7.32
"Vireo_olivaceus",509,49.73,-85.08,2008,NA,NA,144.24,7.62
"Vireo_olivaceus",510,50.34,-80.89,2008,NA,NA,144.85,8.13
"Vireo_olivaceus",511,50.34,-76.61,2008,NA,NA,146.9,7.52
"Vireo_olivaceus",512,49.73,-72.42,2008,NA,NA,148.85,6.95
"Vireo_olivaceus",513,49.07,-68.37,2008,NA,NA,149.24,7.01
"Vireo_olivaceus",514,48.32,-64.45,2008,NA,NA,148.39,8.22
"Vireo_olivaceus",533,44.86,-97.79,2008,NA,NA,137.89,8.43
"Vireo_olivaceus",534,45.82,-94.29,2008,NA,NA,141.23,6.92
"Vireo_olivaceus",535,46.62,-90.59,2008,155.83,5.25,149.26,4.25
"Vireo_olivaceus",536,47.32,-86.77,2008,NA,NA,144.18,6.29
"Vireo_olivaceus",537,47.96,-82.82,2008,NA,NA,143.26,6.76
"Vireo_olivaceus",538,48.59,-78.75,2008,NA,NA,145.14,6.69
"Vireo_olivaceus",539,47.96,-74.68,2008,NA,NA,147.6,6.03
"Vireo_olivaceus",540,47.32,-70.73,2008,156.32,4.24,152.61,3.55
"Vireo_olivaceus",541,46.62,-66.91,2008,NA,NA,148.51,6.71
"Vireo_olivaceus",560,42.25,-98.7,2008,NA,NA,133.13,8.57
"Vireo_olivaceus",561,43.25,-95.37,2008,NA,NA,135.75,7.06
"Vireo_olivaceus",562,44.14,-91.92,2008,141.67,8.61,139.96,4.96
"Vireo_olivaceus",563,44.89,-88.3,2008,143.23,1.73,142.98,1.66
"Vireo_olivaceus",564,45.56,-84.56,2008,NA,NA,140.7,5.82
"Vireo_olivaceus",565,46.19,-80.71,2008,NA,NA,141.51,5.98
"Vireo_olivaceus",566,46.19,-76.79,2008,151.36,6.13,146.13,4.31
"Vireo_olivaceus",567,45.56,-72.94,2008,146.32,2.46,145.91,2.29
"Vireo_olivaceus",568,44.89,-69.2,2008,139.51,6.58,143.41,4.51
"Vireo_olivaceus",587,39.62,-99.59,2008,NA,NA,129.05,9.72
"Vireo_olivaceus",588,40.65,-96.39,2008,NA,NA,130.03,7.4
"Vireo_olivaceus",589,41.59,-93.1,2008,NA,NA,132.03,6.3
"Vireo_olivaceus",590,42.43,-89.69,2008,134.59,1.46,134.64,1.46
"Vireo_olivaceus",591,43.13,-86.14,2008,134.82,2.15,134.97,2.01
"Vireo_olivaceus",592,43.78,-82.5,2008,139.08,6.83,136.87,4.23
"Vireo_olivaceus",593,44.43,-78.75,2008,137.05,4.04,137.34,3.19
"Vireo_olivaceus",594,43.78,-75,2008,138.18,2.26,138.13,2.11
"Vireo_olivaceus",595,43.13,-71.36,2008,136.07,0.91,136.14,0.91
"Vireo_olivaceus",615,38.04,-97.42,2008,NA,NA,124.81,7.71
"Vireo_olivaceus",616,39.02,-94.23,2008,NA,NA,125.54,6.74
"Vireo_olivaceus",617,39.9,-90.96,2008,NA,NA,127.34,5.94
"Vireo_olivaceus",618,40.68,-87.6,2008,132.1,1.71,131.6,1.63
"Vireo_olivaceus",619,41.36,-84.13,2008,128.16,1.78,128.18,1.65
"Vireo_olivaceus",620,42.01,-80.56,2008,131.52,1.99,131.28,1.87
"Vireo_olivaceus",621,42.01,-76.94,2008,132.87,1.1,132.8,1.08
"Vireo_olivaceus",622,41.36,-73.37,2008,129.39,1.22,129.49,1.19
"Vireo_olivaceus",642,35.41,-98.54,2008,NA,NA,118.5,8.33
"Vireo_olivaceus",643,36.43,-95.4,2008,NA,NA,120.13,6.76
"Vireo_olivaceus",644,37.35,-92.21,2008,NA,NA,120.39,6.01
"Vireo_olivaceus",645,38.19,-88.95,2008,NA,NA,120.43,5.56
"Vireo_olivaceus",646,38.91,-85.63,2008,118.12,3.49,118.99,2.88
"Vireo_olivaceus",647,39.58,-82.23,2008,114.58,3.51,117.3,2.98
"Vireo_olivaceus",648,40.23,-78.75,2008,126.9,2.44,126.25,2.23
"Vireo_olivaceus",649,39.58,-75.27,2008,122.94,1.11,123.05,1.11
"Vireo_olivaceus",669,32.64,-98.28,2008,NA,NA,114.41,8.83
"Vireo_olivaceus",670,33.74,-95.9,2008,NA,NA,115.16,6.77
"Vireo_olivaceus",671,34.8,-93.51,2008,118.25,4.83,116.42,3.83
"Vireo_olivaceus",672,35.67,-90.31,2008,111.7,3.59,112.58,3.01
"Vireo_olivaceus",673,36.45,-87.06,2008,109.46,5.85,111.74,3.93
"Vireo_olivaceus",674,37.13,-83.76,2008,115.97,3.26,115.39,2.81
"Vireo_olivaceus",675,37.79,-80.44,2008,126.7,7.57,119.21,4.48
"Vireo_olivaceus",676,37.79,-77.06,2008,115.21,1.14,115.34,1.15
"Vireo_olivaceus",696,29.9,-98.18,2008,NA,NA,112.22,10.06
"Vireo_olivaceus",697,30.99,-95.79,2008,NA,NA,111.64,7.73
"Vireo_olivaceus",698,32.03,-93.38,2008,107.79,5.57,109.31,4.13
"Vireo_olivaceus",699,33.03,-90.96,2008,NA,NA,109.2,5.76
"Vireo_olivaceus",700,33.98,-88.53,2008,NA,NA,108.21,5.74
"Vireo_olivaceus",701,34.7,-85.28,2008,105.9,3.49,106.66,2.98
"Vireo_olivaceus",702,35.33,-82,2008,107.97,3.79,108.83,3.13
"Vireo_olivaceus",703,36,-78.75,2008,109.85,2.82,110.42,2.55
"Vireo_olivaceus",723,27.2,-98.15,2008,NA,NA,111.34,12.74
"Vireo_olivaceus",724,28.28,-95.78,2008,NA,NA,111.18,9.76
"Vireo_olivaceus",725,29.31,-93.38,2008,NA,NA,108.87,7.73
"Vireo_olivaceus",726,30.29,-90.96,2008,101.51,3.64,103.11,3.32
"Vireo_olivaceus",727,31.23,-88.53,2008,NA,NA,104.75,6.31
"Vireo_olivaceus",728,32.11,-86.07,2008,NA,NA,103.58,5.75
"Vireo_olivaceus",729,32.95,-83.6,2008,102.08,3.45,102.41,3.05
"Vireo_olivaceus",730,33.53,-80.33,2008,110.12,8.61,108.38,5.53
"Vireo_olivaceus",732,33.53,-77.17,2008,NA,NA,109.99,8.28
"Vireo_olivaceus",733,35.33,-75.5,2008,NA,NA,111.98,7.96
"Vireo_olivaceus",736,40.68,-69.9,2008,NA,NA,132.86,9.12
"Vireo_olivaceus",738,44.14,-65.58,2008,150.64,7.55,148.67,5.82
"Vireo_olivaceus",739,45.82,-63.21,2008,NA,NA,148.28,8.35
"Vireo_olivaceus",740,47.45,-60.68,2008,NA,NA,148.19,9.64
"Vireo_olivaceus",741,49.03,-57.98,2008,NA,NA,148.19,11.57
"Vireo_olivaceus",767,44.86,-59.71,2008,NA,NA,148.06,11.22
"Vireo_olivaceus",768,46.43,-57.12,2008,NA,NA,148.14,11.67
"Vireo_olivaceus",769,47.93,-54.37,2008,NA,NA,147.76,14.13
"Vireo_olivaceus",785,27.2,-78.75,2008,NA,NA,93.37,13.73
"Vireo_olivaceus",3670,28.52,-88.63,2008,NA,NA,103.47,8.42
"Vireo_olivaceus",3671,29.4,-86.18,2008,NA,NA,102.44,7.53
"Vireo_olivaceus",3672,30.23,-83.72,2008,94.52,6.5,97.85,4.74
"Vireo_olivaceus",3673,31,-81.24,2008,NA,NA,100.39,7.05
"Vireo_olivaceus",3700,28.22,-81.6,2008,89.71,6.91,93.23,5.73
"Vireo_olivaceus",424,54.11,-97.38,2009,NA,NA,137.47,13.86
"Vireo_olivaceus",451,51.58,-98.5,2009,NA,NA,137.66,11.14
"Vireo_olivaceus",452,52.48,-94.42,2009,NA,NA,138.09,11.07
"Vireo_olivaceus",478,49.03,-99.52,2009,NA,NA,137.04,10.89
"Vireo_olivaceus",479,49.98,-95.68,2009,NA,NA,137.74,9.18
"Vireo_olivaceus",480,50.79,-91.68,2009,NA,NA,138.83,8.64
"Vireo_olivaceus",481,51.49,-87.52,2009,NA,NA,139.8,9.5
"Vireo_olivaceus",484,52.11,-74.29,2009,NA,NA,142.1,9.73
"Vireo_olivaceus",485,51.49,-69.98,2009,NA,NA,142.17,8.9
"Vireo_olivaceus",486,50.79,-65.82,2009,NA,NA,142,9.31
"Vireo_olivaceus",487,49.98,-61.82,2009,NA,NA,141.78,10.53
"Vireo_olivaceus",506,47.45,-96.82,2009,NA,NA,136.32,7.98
"Vireo_olivaceus",507,48.32,-93.05,2009,NA,NA,138.72,7.31
"Vireo_olivaceus",508,49.07,-89.13,2009,NA,NA,140.6,6.93
"Vireo_olivaceus",509,49.73,-85.08,2009,NA,NA,140.2,7.43
"Vireo_olivaceus",510,50.34,-80.89,2009,NA,NA,140.47,7.87
"Vireo_olivaceus",511,50.34,-76.61,2009,NA,NA,141.31,7.48
"Vireo_olivaceus",512,49.73,-72.42,2009,NA,NA,142.23,6.96
"Vireo_olivaceus",513,49.07,-68.37,2009,NA,NA,142.29,7.19
"Vireo_olivaceus",514,48.32,-64.45,2009,NA,NA,142.05,8.48
"Vireo_olivaceus",533,44.86,-97.79,2009,NA,NA,133.02,7.81
"Vireo_olivaceus",534,45.82,-94.29,2009,131.53,6.09,134.67,4.54
"Vireo_olivaceus",535,46.62,-90.59,2009,149.69,4.8,144.62,3.88
"Vireo_olivaceus",536,47.32,-86.77,2009,NA,NA,140.58,6
"Vireo_olivaceus",537,47.96,-82.82,2009,NA,NA,139.68,6.5
"Vireo_olivaceus",538,48.59,-78.75,2009,NA,NA,140.25,6.42
"Vireo_olivaceus",539,47.96,-74.68,2009,NA,NA,141.85,6.03
"Vireo_olivaceus",540,47.32,-70.73,2009,145.65,3.68,144.2,3.28
"Vireo_olivaceus",541,46.62,-66.91,2009,NA,NA,142,6.64
"Vireo_olivaceus",560,42.25,-98.7,2009,NA,NA,129.14,8.23
"Vireo_olivaceus",561,43.25,-95.37,2009,NA,NA,131.58,6.42
"Vireo_olivaceus",562,44.14,-91.92,2009,139.11,3.7,137.89,3.14
"Vireo_olivaceus",563,44.89,-88.3,2009,140.47,1.78,140.33,1.69
"Vireo_olivaceus",564,45.56,-84.56,2009,136.93,11.7,138.16,5.17
"Vireo_olivaceus",565,46.19,-80.71,2009,NA,NA,138.56,5.54
"Vireo_olivaceus",566,46.19,-76.79,2009,139.38,2.38,139.55,2.28
"Vireo_olivaceus",567,45.56,-72.94,2009,143.17,1.98,142.68,1.84
"Vireo_olivaceus",568,44.89,-69.2,2009,136.1,4.1,137.86,3.5
"Vireo_olivaceus",587,39.62,-99.59,2009,NA,NA,125.48,9.31
"Vireo_olivaceus",588,40.65,-96.39,2009,NA,NA,126.23,6.59
"Vireo_olivaceus",589,41.59,-93.1,2009,128.59,8.46,128.95,4.72
"Vireo_olivaceus",590,42.43,-89.69,2009,134.99,1.16,134.89,1.14
"Vireo_olivaceus",591,43.13,-86.14,2009,138.23,2.05,137.71,1.89
"Vireo_olivaceus",592,43.78,-82.5,2009,132.74,3.02,133.44,2.69
"Vireo_olivaceus",593,44.43,-78.75,2009,144.19,4.1,140.68,3.2
"Vireo_olivaceus",594,43.78,-75,2009,139.91,2.36,139.23,2.09
"Vireo_olivaceus",595,43.13,-71.36,2009,133.81,0.8,133.82,0.8
"Vireo_olivaceus",615,38.04,-97.42,2009,NA,NA,121.21,7.05
"Vireo_olivaceus",616,39.02,-94.23,2009,118.42,4.27,120.2,3.54
"Vireo_olivaceus",617,39.9,-90.96,2009,123.61,5.84,123.8,4.03
"Vireo_olivaceus",618,40.68,-87.6,2009,130.41,1.42,130.1,1.36
"Vireo_olivaceus",619,41.36,-84.13,2009,128.88,1.8,128.77,1.65
"Vireo_olivaceus",620,42.01,-80.56,2009,128.7,1.29,128.74,1.25
"Vireo_olivaceus",621,42.01,-76.94,2009,132.09,0.98,132.06,0.96
"Vireo_olivaceus",622,41.36,-73.37,2009,128.25,0.93,128.31,0.91
"Vireo_olivaceus",642,35.41,-98.54,2009,NA,NA,115.86,8.02
"Vireo_olivaceus",643,36.43,-95.4,2009,129.21,10.66,119.21,5.38
"Vireo_olivaceus",644,37.35,-92.21,2009,NA,NA,116.6,5.51
"Vireo_olivaceus",645,38.19,-88.95,2009,107.61,6.62,113.62,4.21
"Vireo_olivaceus",646,38.91,-85.63,2009,116.69,2.2,116.89,2.04
"Vireo_olivaceus",647,39.58,-82.23,2009,118.77,2.45,119.09,2.21
"Vireo_olivaceus",648,40.23,-78.75,2009,122.14,1.66,122.13,1.58
"Vireo_olivaceus",649,39.58,-75.27,2009,123.42,0.93,123.43,0.9
"Vireo_olivaceus",669,32.64,-98.28,2009,NA,NA,110.34,8.58
"Vireo_olivaceus",670,33.74,-95.9,2009,NA,NA,112.51,6.46
"Vireo_olivaceus",671,34.8,-93.51,2009,117.38,6.34,114.38,4.39
"Vireo_olivaceus",672,35.67,-90.31,2009,108.72,3.27,109.14,2.84
"Vireo_olivaceus",673,36.45,-87.06,2009,103.98,3.27,105.68,2.76
"Vireo_olivaceus",674,37.13,-83.76,2009,112.25,2.59,111.93,2.39
"Vireo_olivaceus",675,37.79,-80.44,2009,114.52,2.72,114.32,2.39
"Vireo_olivaceus",676,37.79,-77.06,2009,114.7,0.83,114.71,0.81
"Vireo_olivaceus",696,29.9,-98.18,2009,NA,NA,106.28,9.57
"Vireo_olivaceus",697,30.99,-95.79,2009,NA,NA,106.49,7.15
"Vireo_olivaceus",698,32.03,-93.38,2009,110.92,3.5,109.6,3.03
"Vireo_olivaceus",699,33.03,-90.96,2009,NA,NA,106.91,5.6
"Vireo_olivaceus",700,33.98,-88.53,2009,103.88,4.99,104.25,3.66
"Vireo_olivaceus",701,34.7,-85.28,2009,103.4,2.7,103.63,2.41
"Vireo_olivaceus",702,35.33,-82,2009,104.78,3.19,105.44,2.79
"Vireo_olivaceus",703,36,-78.75,2009,109.02,1.94,109.13,1.84
"Vireo_olivaceus",723,27.2,-98.15,2009,NA,NA,104.81,12.38
"Vireo_olivaceus",724,28.28,-95.78,2009,NA,NA,103.62,9.31
"Vireo_olivaceus",725,29.31,-93.38,2009,86.69,6.98,97.11,5.1
"Vireo_olivaceus",726,30.29,-90.96,2009,102.46,3.41,102.55,3
"Vireo_olivaceus",727,31.23,-88.53,2009,NA,NA,102.05,6.21
"Vireo_olivaceus",728,32.11,-86.07,2009,NA,NA,99.26,5.73
"Vireo_olivaceus",729,32.95,-83.6,2009,99.74,3.05,99.14,2.71
"Vireo_olivaceus",730,33.53,-80.33,2009,105.66,3.93,104.73,3.47
"Vireo_olivaceus",732,33.53,-77.17,2009,NA,NA,108.06,7.86
"Vireo_olivaceus",733,35.33,-75.5,2009,NA,NA,110.58,7.78
"Vireo_olivaceus",736,40.68,-69.9,2009,119.86,5.67,123.2,4.82
"Vireo_olivaceus",738,44.14,-65.58,2009,144.62,7.65,142.58,5.91
"Vireo_olivaceus",739,45.82,-63.21,2009,NA,NA,142.09,8.65
"Vireo_olivaceus",740,47.45,-60.68,2009,NA,NA,141.81,10
"Vireo_olivaceus",741,49.03,-57.98,2009,NA,NA,141.89,11.93
"Vireo_olivaceus",767,44.86,-59.71,2009,NA,NA,141.75,11.54
"Vireo_olivaceus",768,46.43,-57.12,2009,NA,NA,141.84,12.21
"Vireo_olivaceus",769,47.93,-54.37,2009,NA,NA,141.73,14.34
"Vireo_olivaceus",785,27.2,-78.75,2009,NA,NA,87.62,14.15
"Vireo_olivaceus",3670,28.52,-88.63,2009,NA,NA,100.88,8.44
"Vireo_olivaceus",3671,29.4,-86.18,2009,NA,NA,97.74,7.67
"Vireo_olivaceus",3672,30.23,-83.72,2009,84.9,4.97,89.03,3.94
"Vireo_olivaceus",3673,31,-81.24,2009,81.4,5.87,87.66,4.45
"Vireo_olivaceus",3700,28.22,-81.6,2009,87.48,6.56,87.73,5.42
"Vireo_olivaceus",424,54.11,-97.38,2010,NA,NA,134.45,14
"Vireo_olivaceus",451,51.58,-98.5,2010,NA,NA,134.55,11.8
"Vireo_olivaceus",452,52.48,-94.42,2010,NA,NA,134.62,11.21
"Vireo_olivaceus",478,49.03,-99.52,2010,NA,NA,134.27,11.31
"Vireo_olivaceus",479,49.98,-95.68,2010,NA,NA,134.57,9.33
"Vireo_olivaceus",480,50.79,-91.68,2010,NA,NA,135.47,8.78
"Vireo_olivaceus",481,51.49,-87.52,2010,NA,NA,136.36,9.49
"Vireo_olivaceus",484,52.11,-74.29,2010,NA,NA,139.19,9.42
"Vireo_olivaceus",485,51.49,-69.98,2010,NA,NA,140.07,8.71
"Vireo_olivaceus",486,50.79,-65.82,2010,NA,NA,141.51,9.1
"Vireo_olivaceus",487,49.98,-61.82,2010,NA,NA,142.08,10.22
"Vireo_olivaceus",506,47.45,-96.82,2010,NA,NA,133.05,8.42
"Vireo_olivaceus",507,48.32,-93.05,2010,NA,NA,134.98,7.39
"Vireo_olivaceus",508,49.07,-89.13,2010,NA,NA,136.58,7.04
"Vireo_olivaceus",509,49.73,-85.08,2010,NA,NA,137.41,7.55
"Vireo_olivaceus",510,50.34,-80.89,2010,NA,NA,137.7,8.04
"Vireo_olivaceus",511,50.34,-76.61,2010,NA,NA,138.31,7.48
"Vireo_olivaceus",512,49.73,-72.42,2010,NA,NA,138.84,6.88
"Vireo_olivaceus",513,49.07,-68.37,2010,NA,NA,140.74,6.91
"Vireo_olivaceus",514,48.32,-64.45,2010,NA,NA,142.83,7.91
"Vireo_olivaceus",533,44.86,-97.79,2010,NA,NA,129.87,8.31
"Vireo_olivaceus",534,45.82,-94.29,2010,NA,NA,132.6,6.51
"Vireo_olivaceus",535,46.62,-90.59,2010,138.9,3.32,137.68,2.96
"Vireo_olivaceus",536,47.32,-86.77,2010,NA,NA,138.05,5.99
"Vireo_olivaceus",537,47.96,-82.82,2010,NA,NA,138.2,6.48
"Vireo_olivaceus",538,48.59,-78.75,2010,NA,NA,137.74,6.29
"Vireo_olivaceus",539,47.96,-74.68,2010,NA,NA,137.88,5.86
"Vireo_olivaceus",540,47.32,-70.73,2010,135.5,3.11,136.72,2.68
"Vireo_olivaceus",541,46.62,-66.91,2010,154.41,7.96,145.27,5.04
"Vireo_olivaceus",560,42.25,-98.7,2010,NA,NA,126.05,8.39
"Vireo_olivaceus",561,43.25,-95.37,2010,NA,NA,128.24,6.55
"Vireo_olivaceus",562,44.14,-91.92,2010,131.48,2.78,131.56,2.59
"Vireo_olivaceus",563,44.89,-88.3,2010,136.42,1.72,136.42,1.63
"Vireo_olivaceus",564,45.56,-84.56,2010,148.18,5.53,141.57,3.99
"Vireo_olivaceus",565,46.19,-80.71,2010,NA,NA,137.1,5.72
"Vireo_olivaceus",566,46.19,-76.79,2010,137.23,2.84,137.32,2.52
"Vireo_olivaceus",567,45.56,-72.94,2010,138.94,1.24,138.79,1.22
"Vireo_olivaceus",568,44.89,-69.2,2010,138.69,2.63,138.92,2.36
"Vireo_olivaceus",587,39.62,-99.59,2010,NA,NA,123.21,9.31
"Vireo_olivaceus",588,40.65,-96.39,2010,NA,NA,123.66,6.52
"Vireo_olivaceus",589,41.59,-93.1,2010,NA,NA,126.16,5.58
"Vireo_olivaceus",590,42.43,-89.69,2010,131.49,1.2,131.41,1.15
"Vireo_olivaceus",591,43.13,-86.14,2010,134.88,1.46,134.75,1.46
"Vireo_olivaceus",592,43.78,-82.5,2010,130.44,2.55,131.19,2.36
"Vireo_olivaceus",593,44.43,-78.75,2010,135.66,1.87,135.48,1.77
"Vireo_olivaceus",594,43.78,-75,2010,138.03,1.73,137.68,1.69
"Vireo_olivaceus",595,43.13,-71.36,2010,134.76,0.79,134.75,0.79
"Vireo_olivaceus",615,38.04,-97.42,2010,NA,NA,120.14,6.81
"Vireo_olivaceus",616,39.02,-94.23,2010,116.54,2.54,117.69,2.44
"Vireo_olivaceus",617,39.9,-90.96,2010,123.89,6.03,124.16,3.87
"Vireo_olivaceus",618,40.68,-87.6,2010,128.95,1.43,128.77,1.39
"Vireo_olivaceus",619,41.36,-84.13,2010,129.19,1.33,129.03,1.29
"Vireo_olivaceus",620,42.01,-80.56,2010,128.19,1.19,128.21,1.15
"Vireo_olivaceus",621,42.01,-76.94,2010,129.72,0.87,129.68,0.85
"Vireo_olivaceus",622,41.36,-73.37,2010,128.2,0.75,128.24,0.75
"Vireo_olivaceus",642,35.41,-98.54,2010,NA,NA,115.96,7.96
"Vireo_olivaceus",643,36.43,-95.4,2010,132.62,9.4,120.72,5.15
"Vireo_olivaceus",644,37.35,-92.21,2010,NA,NA,119.92,5.54
"Vireo_olivaceus",645,38.19,-88.95,2010,124.4,3.12,122.98,2.69
"Vireo_olivaceus",646,38.91,-85.63,2010,114.27,1.63,114.74,1.54
"Vireo_olivaceus",647,39.58,-82.23,2010,120.03,2.25,120.05,2.03
"Vireo_olivaceus",648,40.23,-78.75,2010,123.03,1.12,122.99,1.06
"Vireo_olivaceus",649,39.58,-75.27,2010,122.58,0.76,122.64,0.77
"Vireo_olivaceus",669,32.64,-98.28,2010,NA,NA,110.03,8.63
"Vireo_olivaceus",670,33.74,-95.9,2010,NA,NA,113.16,6.28
"Vireo_olivaceus",671,34.8,-93.51,2010,119.03,8.05,115.92,4.69
"Vireo_olivaceus",672,35.67,-90.31,2010,121,5.5,117.24,3.95
"Vireo_olivaceus",673,36.45,-87.06,2010,108.38,3.15,109.42,2.75
"Vireo_olivaceus",674,37.13,-83.76,2010,107.33,2.14,108.06,1.93
"Vireo_olivaceus",675,37.79,-80.44,2010,116.3,1.97,116.09,1.8
"Vireo_olivaceus",676,37.79,-77.06,2010,117.43,0.8,117.43,0.79
"Vireo_olivaceus",696,29.9,-98.18,2010,NA,NA,105.78,9.35
"Vireo_olivaceus",697,30.99,-95.79,2010,NA,NA,106.13,6.86
"Vireo_olivaceus",698,32.03,-93.38,2010,110.08,2.69,109.35,2.38
"Vireo_olivaceus",699,33.03,-90.96,2010,106.58,3.86,107.55,3.23
"Vireo_olivaceus",700,33.98,-88.53,2010,107.25,4.35,107.53,3.4
"Vireo_olivaceus",701,34.7,-85.28,2010,105.01,1.62,105.18,1.54
"Vireo_olivaceus",702,35.33,-82,2010,110.21,2.01,109.91,1.85
"Vireo_olivaceus",703,36,-78.75,2010,110.44,1.8,110.6,1.71
"Vireo_olivaceus",723,27.2,-98.15,2010,NA,NA,104.09,11.99
"Vireo_olivaceus",724,28.28,-95.78,2010,NA,NA,102.89,8.8
"Vireo_olivaceus",725,29.31,-93.38,2010,91.03,4.61,95.68,4
"Vireo_olivaceus",726,30.29,-90.96,2010,99.93,3.41,101.04,2.95
"Vireo_olivaceus",727,31.23,-88.53,2010,NA,NA,104.21,6.08
"Vireo_olivaceus",728,32.11,-86.07,2010,107.67,6.1,104.91,4.35
"Vireo_olivaceus",729,32.95,-83.6,2010,100.91,1.69,101.11,1.6
"Vireo_olivaceus",730,33.53,-80.33,2010,104.92,2.42,105.31,2.24
"Vireo_olivaceus",732,33.53,-77.17,2010,NA,NA,109.37,7.88
"Vireo_olivaceus",733,35.33,-75.5,2010,NA,NA,112.32,7.8
"Vireo_olivaceus",736,40.68,-69.9,2010,NA,NA,131.49,8.76
"Vireo_olivaceus",738,44.14,-65.58,2010,148.3,7.45,145.46,5.4
"Vireo_olivaceus",739,45.82,-63.21,2010,NA,NA,143.72,8.05
"Vireo_olivaceus",740,47.45,-60.68,2010,NA,NA,142.52,9.61
"Vireo_olivaceus",741,49.03,-57.98,2010,NA,NA,142.38,11.68
"Vireo_olivaceus",767,44.86,-59.71,2010,NA,NA,142.82,11.3
"Vireo_olivaceus",768,46.43,-57.12,2010,NA,NA,142.26,11.8
"Vireo_olivaceus",769,47.93,-54.37,2010,NA,NA,141.97,14.28
"Vireo_olivaceus",785,27.2,-78.75,2010,NA,NA,102.75,13.98
"Vireo_olivaceus",3670,28.52,-88.63,2010,NA,NA,102.45,8.64
"Vireo_olivaceus",3671,29.4,-86.18,2010,NA,NA,102.11,7.38
"Vireo_olivaceus",3672,30.23,-83.72,2010,94.66,3.7,97.12,3.19
"Vireo_olivaceus",3673,31,-81.24,2010,103.83,3.45,103.25,3.06
"Vireo_olivaceus",3700,28.22,-81.6,2010,103.96,6.2,102.75,5.21
"Vireo_olivaceus",424,54.11,-97.38,2011,NA,NA,142.12,13.62
"Vireo_olivaceus",451,51.58,-98.5,2011,NA,NA,142.09,11.16
"Vireo_olivaceus",452,52.48,-94.42,2011,NA,NA,142.47,10.82
"Vireo_olivaceus",478,49.03,-99.52,2011,NA,NA,141.55,10.87
"Vireo_olivaceus",479,49.98,-95.68,2011,NA,NA,142.11,8.92
"Vireo_olivaceus",480,50.79,-91.68,2011,NA,NA,142.87,8.4
"Vireo_olivaceus",481,51.49,-87.52,2011,NA,NA,142.95,9.45
"Vireo_olivaceus",484,52.11,-74.29,2011,NA,NA,143.66,9.29
"Vireo_olivaceus",485,51.49,-69.98,2011,NA,NA,144.88,8.67
"Vireo_olivaceus",486,50.79,-65.82,2011,NA,NA,146.05,8.5
"Vireo_olivaceus",487,49.98,-61.82,2011,NA,NA,146.92,9.07
"Vireo_olivaceus",506,47.45,-96.82,2011,NA,NA,141.02,7.92
"Vireo_olivaceus",507,48.32,-93.05,2011,NA,NA,143.18,6.95
"Vireo_olivaceus",508,49.07,-89.13,2011,NA,NA,143.7,6.84
"Vireo_olivaceus",509,49.73,-85.08,2011,NA,NA,142.89,7.36
"Vireo_olivaceus",510,50.34,-80.89,2011,NA,NA,142.53,8.13
"Vireo_olivaceus",511,50.34,-76.61,2011,NA,NA,142.75,7.45
"Vireo_olivaceus",512,49.73,-72.42,2011,NA,NA,143.95,6.9
"Vireo_olivaceus",513,49.07,-68.37,2011,NA,NA,146.33,6.77
"Vireo_olivaceus",514,48.32,-64.45,2011,NA,NA,147.17,7.03
"Vireo_olivaceus",533,44.86,-97.79,2011,NA,NA,136.23,7.82
"Vireo_olivaceus",534,45.82,-94.29,2011,146.26,6.08,142.37,4.28
"Vireo_olivaceus",535,46.62,-90.59,2011,149.83,3.84,147.01,3.26
"Vireo_olivaceus",536,47.32,-86.77,2011,NA,NA,143.38,5.88
"Vireo_olivaceus",537,47.96,-82.82,2011,NA,NA,142.27,6.4
"Vireo_olivaceus",538,48.59,-78.75,2011,NA,NA,142.16,6.4
"Vireo_olivaceus",539,47.96,-74.68,2011,NA,NA,142.32,5.82
"Vireo_olivaceus",540,47.32,-70.73,2011,144.18,4.44,143.98,3.59
"Vireo_olivaceus",541,46.62,-66.91,2011,160.58,6.25,151.03,4.3
"Vireo_olivaceus",560,42.25,-98.7,2011,NA,NA,128.87,8.15
"Vireo_olivaceus",561,43.25,-95.37,2011,NA,NA,132.12,6.26
"Vireo_olivaceus",562,44.14,-91.92,2011,137.22,2.82,137.05,2.54
"Vireo_olivaceus",563,44.89,-88.3,2011,143.15,1.9,142.7,1.78
"Vireo_olivaceus",564,45.56,-84.56,2011,142.5,2.68,142.1,2.45
"Vireo_olivaceus",565,46.19,-80.71,2011,NA,NA,140.56,5.52
"Vireo_olivaceus",566,46.19,-76.79,2011,144.1,2.82,142.94,2.48
"Vireo_olivaceus",567,45.56,-72.94,2011,138.41,1.02,138.47,0.99
"Vireo_olivaceus",568,44.89,-69.2,2011,141.19,2.05,141.3,1.93
"Vireo_olivaceus",587,39.62,-99.59,2011,NA,NA,123.71,9.13
"Vireo_olivaceus",588,40.65,-96.39,2011,NA,NA,124.22,6.32
"Vireo_olivaceus",589,41.59,-93.1,2011,123.47,3.94,124.77,3.22
"Vireo_olivaceus",590,42.43,-89.69,2011,130.76,0.94,130.8,0.93
"Vireo_olivaceus",591,43.13,-86.14,2011,135.54,1.26,135.52,1.21
"Vireo_olivaceus",592,43.78,-82.5,2011,138.81,2.61,138.38,2.33
"Vireo_olivaceus",593,44.43,-78.75,2011,135.93,1.34,136.02,1.31
"Vireo_olivaceus",594,43.78,-75,2011,134.5,0.98,134.55,0.97
"Vireo_olivaceus",595,43.13,-71.36,2011,134.9,0.64,134.92,0.64
"Vireo_olivaceus",615,38.04,-97.42,2011,NA,NA,118.35,6.76
"Vireo_olivaceus",616,39.02,-94.23,2011,116.45,2.76,117.18,2.5
"Vireo_olivaceus",617,39.9,-90.96,2011,121.14,3.39,121.77,2.86
"Vireo_olivaceus",618,40.68,-87.6,2011,130.47,1.14,130.27,1.11
"Vireo_olivaceus",619,41.36,-84.13,2011,128.32,1.07,128.41,1.01
"Vireo_olivaceus",620,42.01,-80.56,2011,136.88,1.26,136.47,1.23
"Vireo_olivaceus",621,42.01,-76.94,2011,131.93,0.84,131.86,0.84
"Vireo_olivaceus",622,41.36,-73.37,2011,130.99,0.71,130.97,0.7
"Vireo_olivaceus",642,35.41,-98.54,2011,NA,NA,112.54,7.56
"Vireo_olivaceus",643,36.43,-95.4,2011,117.05,8.34,114.17,4.85
"Vireo_olivaceus",644,37.35,-92.21,2011,121.59,10.06,115.9,4.64
"Vireo_olivaceus",645,38.19,-88.95,2011,121.76,2.57,120.67,2.37
"Vireo_olivaceus",646,38.91,-85.63,2011,116.27,1.64,116.67,1.61
"Vireo_olivaceus",647,39.58,-82.23,2011,126.39,1.92,125.83,1.74
"Vireo_olivaceus",648,40.23,-78.75,2011,119.23,0.95,119.43,0.95
"Vireo_olivaceus",649,39.58,-75.27,2011,122.02,0.78,122.08,0.76
"Vireo_olivaceus",669,32.64,-98.28,2011,NA,NA,109.2,8.16
"Vireo_olivaceus",670,33.74,-95.9,2011,NA,NA,108.76,6.28
"Vireo_olivaceus",671,34.8,-93.51,2011,102.69,4.77,105.14,3.71
"Vireo_olivaceus",672,35.67,-90.31,2011,106.62,5.38,107.47,3.85
"Vireo_olivaceus",673,36.45,-87.06,2011,105.65,2.45,106.35,2.2
"Vireo_olivaceus",674,37.13,-83.76,2011,110.42,1.78,110.56,1.65
"Vireo_olivaceus",675,37.79,-80.44,2011,117.73,1.48,117.36,1.43
"Vireo_olivaceus",676,37.79,-77.06,2011,114.64,0.9,114.59,0.9
"Vireo_olivaceus",696,29.9,-98.18,2011,NA,NA,107.74,9.37
"Vireo_olivaceus",697,30.99,-95.79,2011,NA,NA,107.17,6.73
"Vireo_olivaceus",698,32.03,-93.38,2011,104.8,2.87,104.83,2.56
"Vireo_olivaceus",699,33.03,-90.96,2011,95.76,3.6,98.17,2.99
"Vireo_olivaceus",700,33.98,-88.53,2011,103.78,3.26,102.66,2.78
"Vireo_olivaceus",701,34.7,-85.28,2011,99.58,2,99.89,1.92
"Vireo_olivaceus",702,35.33,-82,2011,103.1,1.87,103.16,1.81
"Vireo_olivaceus",703,36,-78.75,2011,101.14,1.5,101.55,1.46
"Vireo_olivaceus",723,27.2,-98.15,2011,NA,NA,107.14,11.84
"Vireo_olivaceus",724,28.28,-95.78,2011,NA,NA,106.98,8.91
"Vireo_olivaceus",725,29.31,-93.38,2011,105.64,5.19,105.65,4.3
"Vireo_olivaceus",726,30.29,-90.96,2011,104.92,3.04,103.81,2.71
"Vireo_olivaceus",727,31.23,-88.53,2011,85.86,6.78,93.72,4.28
"Vireo_olivaceus",728,32.11,-86.07,2011,92.37,3.56,93.65,3
"Vireo_olivaceus",729,32.95,-83.6,2011,95.07,1.95,95.17,1.88
"Vireo_olivaceus",730,33.53,-80.33,2011,98.46,2.03,98.56,1.95
"Vireo_olivaceus",732,33.53,-77.17,2011,NA,NA,101.84,7.76
"Vireo_olivaceus",733,35.33,-75.5,2011,NA,NA,106.04,8.09
"Vireo_olivaceus",736,40.68,-69.9,2011,127.52,4.5,128.6,4
"Vireo_olivaceus",738,44.14,-65.58,2011,139.72,6.08,142.45,4.63
"Vireo_olivaceus",739,45.82,-63.21,2011,146.15,5.56,146.5,4.66
"Vireo_olivaceus",740,47.45,-60.68,2011,NA,NA,146.86,8.15
"Vireo_olivaceus",741,49.03,-57.98,2011,NA,NA,146.9,10.54
"Vireo_olivaceus",767,44.86,-59.71,2011,NA,NA,146.44,9.74
"Vireo_olivaceus",768,46.43,-57.12,2011,NA,NA,146.65,10.47
"Vireo_olivaceus",769,47.93,-54.37,2011,NA,NA,146.93,13.2
"Vireo_olivaceus",785,27.2,-78.75,2011,NA,NA,91.9,13.77
"Vireo_olivaceus",3670,28.52,-88.63,2011,NA,NA,97.44,7.91
"Vireo_olivaceus",3671,29.4,-86.18,2011,NA,NA,94.41,7.09
"Vireo_olivaceus",3672,30.23,-83.72,2011,93.32,5.15,93.35,3.97
"Vireo_olivaceus",3673,31,-81.24,2011,90.03,3.63,91.18,3.21
"Vireo_olivaceus",3700,28.22,-81.6,2011,91.99,6.34,92.13,5.24
"Vireo_olivaceus",424,54.11,-97.38,2012,NA,NA,134.03,13.39
"Vireo_olivaceus",451,51.58,-98.5,2012,NA,NA,133.81,10.89
"Vireo_olivaceus",452,52.48,-94.42,2012,NA,NA,134.12,10.48
"Vireo_olivaceus",478,49.03,-99.52,2012,NA,NA,133.08,10.31
"Vireo_olivaceus",479,49.98,-95.68,2012,NA,NA,133.71,8.6
"Vireo_olivaceus",480,50.79,-91.68,2012,NA,NA,134.95,8.11
"Vireo_olivaceus",481,51.49,-87.52,2012,NA,NA,136.87,9.07
"Vireo_olivaceus",484,52.11,-74.29,2012,NA,NA,140.98,9.48
"Vireo_olivaceus",485,51.49,-69.98,2012,NA,NA,141.3,8.39
"Vireo_olivaceus",486,50.79,-65.82,2012,NA,NA,141.97,8.29
"Vireo_olivaceus",487,49.98,-61.82,2012,NA,NA,142.62,9.03
"Vireo_olivaceus",506,47.45,-96.82,2012,NA,NA,131.85,7.33
"Vireo_olivaceus",507,48.32,-93.05,2012,NA,NA,134.07,6.44
"Vireo_olivaceus",508,49.07,-89.13,2012,NA,NA,136.59,6.56
"Vireo_olivaceus",509,49.73,-85.08,2012,NA,NA,138.08,7.4
"Vireo_olivaceus",510,50.34,-80.89,2012,NA,NA,139.82,7.72
"Vireo_olivaceus",511,50.34,-76.61,2012,NA,NA,140.67,7.23
"Vireo_olivaceus",512,49.73,-72.42,2012,NA,NA,140.51,6.8
"Vireo_olivaceus",513,49.07,-68.37,2012,NA,NA,141.93,6.43
"Vireo_olivaceus",514,48.32,-64.45,2012,NA,NA,142.71,6.86
"Vireo_olivaceus",533,44.86,-97.79,2012,NA,NA,127.92,7.55
"Vireo_olivaceus",534,45.82,-94.29,2012,129.33,2.14,129.78,2.03
"Vireo_olivaceus",535,46.62,-90.59,2012,138.29,1.06,138.14,1.05
"Vireo_olivaceus",536,47.32,-86.77,2012,NA,NA,137.8,5.89
"Vireo_olivaceus",537,47.96,-82.82,2012,NA,NA,139.16,5.96
"Vireo_olivaceus",538,48.59,-78.75,2012,152.56,8.65,142.39,5.08
"Vireo_olivaceus",539,47.96,-74.68,2012,NA,NA,139.02,5.76
"Vireo_olivaceus",540,47.32,-70.73,2012,139.92,3.57,139.79,3.08
"Vireo_olivaceus",541,46.62,-66.91,2012,150.58,5.5,145.84,4.06
"Vireo_olivaceus",560,42.25,-98.7,2012,NA,NA,123.28,8.15
"Vireo_olivaceus",561,43.25,-95.37,2012,NA,NA,126.38,6.08
"Vireo_olivaceus",562,44.14,-91.92,2012,135.98,1.43,135.59,1.38
"Vireo_olivaceus",563,44.89,-88.3,2012,136.1,1.27,136,1.2
"Vireo_olivaceus",564,45.56,-84.56,2012,139.28,2.18,138.81,2.02
"Vireo_olivaceus",565,46.19,-80.71,2012,138.78,6.54,138.14,4.12
"Vireo_olivaceus",566,46.19,-76.79,2012,135.8,1.51,135.93,1.44
"Vireo_olivaceus",567,45.56,-72.94,2012,134.49,0.83,134.56,0.81
"Vireo_olivaceus",568,44.89,-69.2,2012,136.52,1.65,136.79,1.59
"Vireo_olivaceus",587,39.62,-99.59,2012,NA,NA,119.26,9.05
"Vireo_olivaceus",588,40.65,-96.39,2012,NA,NA,119.84,6.45
"Vireo_olivaceus",589,41.59,-93.1,2012,121.97,4.13,122.28,3.29
"Vireo_olivaceus",590,42.43,-89.69,2012,128.12,0.81,128.12,0.79
"Vireo_olivaceus",591,43.13,-86.14,2012,130.51,0.89,130.53,0.88
"Vireo_olivaceus",592,43.78,-82.5,2012,136.08,2.04,135.67,1.87
"Vireo_olivaceus",593,44.43,-78.75,2012,134.23,0.82,134.17,0.8
"Vireo_olivaceus",594,43.78,-75,2012,134.04,0.95,133.99,0.93
"Vireo_olivaceus",595,43.13,-71.36,2012,133.46,0.6,133.45,0.6
"Vireo_olivaceus",615,38.04,-97.42,2012,NA,NA,113.82,6.73
"Vireo_olivaceus",616,39.02,-94.23,2012,113.05,2.08,113.29,1.91
"Vireo_olivaceus",617,39.9,-90.96,2012,114.36,2.43,115.25,2.22
"Vireo_olivaceus",618,40.68,-87.6,2012,129.31,1.06,129.01,1.07
"Vireo_olivaceus",619,41.36,-84.13,2012,127.39,0.82,127.37,0.8
"Vireo_olivaceus",620,42.01,-80.56,2012,128.88,0.84,128.85,0.83
"Vireo_olivaceus",621,42.01,-76.94,2012,129.73,0.67,129.72,0.66
"Vireo_olivaceus",622,41.36,-73.37,2012,129.73,0.57,129.73,0.56
"Vireo_olivaceus",642,35.41,-98.54,2012,NA,NA,108.51,7.44
"Vireo_olivaceus",643,36.43,-95.4,2012,109.72,5.91,109.13,4.11
"Vireo_olivaceus",644,37.35,-92.21,2012,103.59,5.72,107.38,3.97
"Vireo_olivaceus",645,38.19,-88.95,2012,115.36,1.99,115.14,1.88
"Vireo_olivaceus",646,38.91,-85.63,2012,117.84,1.42,117.83,1.39
"Vireo_olivaceus",647,39.58,-82.23,2012,121.21,1.28,121.12,1.24
"Vireo_olivaceus",648,40.23,-78.75,2012,120.33,0.74,120.36,0.75
"Vireo_olivaceus",649,39.58,-75.27,2012,123.4,0.59,123.41,0.59
"Vireo_olivaceus",669,32.64,-98.28,2012,NA,NA,105.48,8.13
"Vireo_olivaceus",670,33.74,-95.9,2012,NA,NA,105.56,5.99
"Vireo_olivaceus",671,34.8,-93.51,2012,104.48,4.02,104.37,3.28
"Vireo_olivaceus",672,35.67,-90.31,2012,107.28,4.51,105.84,3.36
"Vireo_olivaceus",673,36.45,-87.06,2012,105.09,2.08,105.41,1.92
"Vireo_olivaceus",674,37.13,-83.76,2012,109.77,1.51,109.85,1.46
"Vireo_olivaceus",675,37.79,-80.44,2012,115.39,1.35,115.28,1.31
"Vireo_olivaceus",676,37.79,-77.06,2012,115.86,0.71,115.84,0.72
"Vireo_olivaceus",696,29.9,-98.18,2012,NA,NA,104.5,8.97
"Vireo_olivaceus",697,30.99,-95.79,2012,NA,NA,104.15,6.56
"Vireo_olivaceus",698,32.03,-93.38,2012,102.13,2.25,102.03,2.04
"Vireo_olivaceus",699,33.03,-90.96,2012,91.32,4.56,94.72,3.55
"Vireo_olivaceus",700,33.98,-88.53,2012,97.58,4.09,97.51,3.19
"Vireo_olivaceus",701,34.7,-85.28,2012,97.44,1.8,97.79,1.73
"Vireo_olivaceus",702,35.33,-82,2012,106.22,1.22,106.08,1.19
"Vireo_olivaceus",703,36,-78.75,2012,106.86,1.22,106.88,1.17
"Vireo_olivaceus",723,27.2,-98.15,2012,NA,NA,104.17,11.65
"Vireo_olivaceus",724,28.28,-95.78,2012,NA,NA,104.16,8.63
"Vireo_olivaceus",725,29.31,-93.38,2012,104.12,3.24,103.52,3.09
"Vireo_olivaceus",726,30.29,-90.96,2012,95.54,2.59,95.6,2.47
"Vireo_olivaceus",727,31.23,-88.53,2012,78.27,7.62,88.84,4.6
"Vireo_olivaceus",728,32.11,-86.07,2012,90.76,3.04,91.36,2.75
"Vireo_olivaceus",729,32.95,-83.6,2012,92.68,1.73,92.95,1.62
"Vireo_olivaceus",730,33.53,-80.33,2012,96.69,2.35,97.43,2.18
"Vireo_olivaceus",732,33.53,-77.17,2012,NA,NA,104.57,7.86
"Vireo_olivaceus",733,35.33,-75.5,2012,NA,NA,109.02,7.74
"Vireo_olivaceus",736,40.68,-69.9,2012,124.85,3.98,126.05,3.55
"Vireo_olivaceus",738,44.14,-65.58,2012,148.55,6.42,145.4,4.9
"Vireo_olivaceus",739,45.82,-63.21,2012,141.27,3.66,142.04,3.31
"Vireo_olivaceus",740,47.45,-60.68,2012,NA,NA,142.47,8.11
"Vireo_olivaceus",741,49.03,-57.98,2012,NA,NA,142.45,10.44
"Vireo_olivaceus",767,44.86,-59.71,2012,NA,NA,142.64,9.7
"Vireo_olivaceus",768,46.43,-57.12,2012,NA,NA,142.21,10.45
"Vireo_olivaceus",769,47.93,-54.37,2012,NA,NA,142.01,13.2
"Vireo_olivaceus",785,27.2,-78.75,2012,NA,NA,94.67,13.05
"Vireo_olivaceus",3670,28.52,-88.63,2012,NA,NA,91.89,8.16
"Vireo_olivaceus",3671,29.4,-86.18,2012,NA,NA,90.9,7.16
"Vireo_olivaceus",3672,30.23,-83.72,2012,90.75,4.01,91.34,3.32
"Vireo_olivaceus",3673,31,-81.24,2012,93.44,2.65,93.5,2.47
"Vireo_olivaceus",3700,28.22,-81.6,2012,94.78,3.75,94.42,3.38
"Vireo_olivaceus",424,54.11,-97.38,2013,NA,NA,147.55,13.38
"Vireo_olivaceus",451,51.58,-98.5,2013,NA,NA,147.52,10.8
"Vireo_olivaceus",452,52.48,-94.42,2013,NA,NA,147.9,10.51
"Vireo_olivaceus",478,49.03,-99.52,2013,NA,NA,146.78,10.26
"Vireo_olivaceus",479,49.98,-95.68,2013,NA,NA,147.59,8.33
"Vireo_olivaceus",480,50.79,-91.68,2013,NA,NA,148.46,7.97
"Vireo_olivaceus",481,51.49,-87.52,2013,NA,NA,148.29,9.04
"Vireo_olivaceus",484,52.11,-74.29,2013,NA,NA,144.53,9.28
"Vireo_olivaceus",485,51.49,-69.98,2013,NA,NA,145.41,8.24
"Vireo_olivaceus",486,50.79,-65.82,2013,NA,NA,146.62,8.4
"Vireo_olivaceus",487,49.98,-61.82,2013,NA,NA,147.82,8.94
"Vireo_olivaceus",506,47.45,-96.82,2013,NA,NA,145.06,7.14
"Vireo_olivaceus",507,48.32,-93.05,2013,160.09,9.14,149.75,5.37
"Vireo_olivaceus",508,49.07,-89.13,2013,NA,NA,148.73,6.51
"Vireo_olivaceus",509,49.73,-85.08,2013,NA,NA,147.08,7.13
"Vireo_olivaceus",510,50.34,-80.89,2013,NA,NA,144.27,7.87
"Vireo_olivaceus",511,50.34,-76.61,2013,NA,NA,143.48,7.35
"Vireo_olivaceus",512,49.73,-72.42,2013,NA,NA,144.59,6.77
"Vireo_olivaceus",513,49.07,-68.37,2013,NA,NA,146.33,6.65
"Vireo_olivaceus",514,48.32,-64.45,2013,NA,NA,147.57,6.73
"Vireo_olivaceus",533,44.86,-97.79,2013,NA,NA,138.64,7.45
"Vireo_olivaceus",534,45.82,-94.29,2013,141.33,1.58,141.47,1.55
"Vireo_olivaceus",535,46.62,-90.59,2013,148.35,1.57,148.13,1.53
"Vireo_olivaceus",536,47.32,-86.77,2013,157,5.83,150.43,4.16
"Vireo_olivaceus",537,47.96,-82.82,2013,NA,NA,144.72,6.1
"Vireo_olivaceus",538,48.59,-78.75,2013,NA,NA,142.25,6.08
"Vireo_olivaceus",539,47.96,-74.68,2013,NA,NA,141.79,5.83
"Vireo_olivaceus",540,47.32,-70.73,2013,145.62,2.15,145.32,2.09
"Vireo_olivaceus",541,46.62,-66.91,2013,151.42,6.64,148.05,4.18
"Vireo_olivaceus",560,42.25,-98.7,2013,NA,NA,132.78,7.96
"Vireo_olivaceus",561,43.25,-95.37,2013,NA,NA,135.45,5.96
"Vireo_olivaceus",562,44.14,-91.92,2013,140.19,1.04,140.12,1.04
"Vireo_olivaceus",563,44.89,-88.3,2013,140.63,1.1,140.63,1.09
"Vireo_olivaceus",564,45.56,-84.56,2013,141.53,1.38,141.51,1.3
"Vireo_olivaceus",565,46.19,-80.71,2013,143.25,4.11,141.95,3.33
"Vireo_olivaceus",566,46.19,-76.79,2013,137.26,1.05,137.39,1.04
"Vireo_olivaceus",567,45.56,-72.94,2013,138.32,0.76,138.34,0.74
"Vireo_olivaceus",568,44.89,-69.2,2013,141.58,1.34,141.68,1.31
"Vireo_olivaceus",587,39.62,-99.59,2013,NA,NA,127.82,9.14
"Vireo_olivaceus",588,40.65,-96.39,2013,NA,NA,129.11,6.25
"Vireo_olivaceus",589,41.59,-93.1,2013,130.04,3.22,130.3,2.73
"Vireo_olivaceus",590,42.43,-89.69,2013,132.65,0.7,132.67,0.69
"Vireo_olivaceus",591,43.13,-86.14,2013,135.58,0.77,135.58,0.78
"Vireo_olivaceus",592,43.78,-82.5,2013,137.62,1.13,137.64,1.11
"Vireo_olivaceus",593,44.43,-78.75,2013,136.6,0.71,136.59,0.7
"Vireo_olivaceus",594,43.78,-75,2013,137.34,0.9,137.31,0.89
"Vireo_olivaceus",595,43.13,-71.36,2013,137.47,0.58,137.47,0.57
"Vireo_olivaceus",615,38.04,-97.42,2013,NA,NA,121.61,6.71
"Vireo_olivaceus",616,39.02,-94.23,2013,126.9,1.64,126.43,1.62
"Vireo_olivaceus",617,39.9,-90.96,2013,120.65,2.32,121.54,2.07
"Vireo_olivaceus",618,40.68,-87.6,2013,134.02,0.81,133.83,0.82
"Vireo_olivaceus",619,41.36,-84.13,2013,132.51,0.71,132.46,0.7
"Vireo_olivaceus",620,42.01,-80.56,2013,133.69,0.69,133.66,0.68
"Vireo_olivaceus",621,42.01,-76.94,2013,134.81,0.65,134.77,0.64
"Vireo_olivaceus",622,41.36,-73.37,2013,131.18,0.49,131.19,0.48
"Vireo_olivaceus",642,35.41,-98.54,2013,NA,NA,111.54,7.5
"Vireo_olivaceus",643,36.43,-95.4,2013,111.85,4.41,112.96,3.44
"Vireo_olivaceus",644,37.35,-92.21,2013,115.63,2.83,115.69,2.52
"Vireo_olivaceus",645,38.19,-88.95,2013,117.42,1.5,117.46,1.43
"Vireo_olivaceus",646,38.91,-85.63,2013,119.25,1,119.28,1
"Vireo_olivaceus",647,39.58,-82.23,2013,121.18,1,121.24,0.95
"Vireo_olivaceus",648,40.23,-78.75,2013,124.5,0.62,124.5,0.6
"Vireo_olivaceus",649,39.58,-75.27,2013,125.64,0.53,125.63,0.53
"Vireo_olivaceus",669,32.64,-98.28,2013,NA,NA,103.7,7.67
"Vireo_olivaceus",670,33.74,-95.9,2013,NA,NA,106.89,5.94
"Vireo_olivaceus",671,34.8,-93.51,2013,103.83,2.76,105.13,2.47
"Vireo_olivaceus",672,35.67,-90.31,2013,112.46,6.48,109.84,4.16
"Vireo_olivaceus",673,36.45,-87.06,2013,104.76,2.03,105.36,1.92
"Vireo_olivaceus",674,37.13,-83.76,2013,104.94,1.76,105.77,1.66
"Vireo_olivaceus",675,37.79,-80.44,2013,118.83,1.27,118.65,1.25
"Vireo_olivaceus",676,37.79,-77.06,2013,116.73,0.64,116.73,0.64
"Vireo_olivaceus",696,29.9,-98.18,2013,NA,NA,99.37,8.47
"Vireo_olivaceus",697,30.99,-95.79,2013,91.17,5.29,97.21,4.15
"Vireo_olivaceus",698,32.03,-93.38,2013,112.75,2.28,110.98,2.13
"Vireo_olivaceus",699,33.03,-90.96,2013,102.1,4.99,102.8,3.6
"Vireo_olivaceus",700,33.98,-88.53,2013,102.12,3.21,102.07,2.78
"Vireo_olivaceus",701,34.7,-85.28,2013,101.55,1.34,101.66,1.31
"Vireo_olivaceus",702,35.33,-82,2013,112.45,1.14,112.17,1.09
"Vireo_olivaceus",703,36,-78.75,2013,106.98,0.98,107.12,0.95
"Vireo_olivaceus",723,27.2,-98.15,2013,NA,NA,98.92,11.68
"Vireo_olivaceus",724,28.28,-95.78,2013,NA,NA,98.28,8.22
"Vireo_olivaceus",725,29.31,-93.38,2013,96.66,2.64,97.41,2.48
"Vireo_olivaceus",726,30.29,-90.96,2013,100.05,2.12,100.09,2
"Vireo_olivaceus",727,31.23,-88.53,2013,91.44,5.69,94.94,4.03
"Vireo_olivaceus",728,32.11,-86.07,2013,95.39,2.71,95.74,2.46
"Vireo_olivaceus",729,32.95,-83.6,2013,102.87,1.47,102.69,1.46
"Vireo_olivaceus",730,33.53,-80.33,2013,103.69,1.34,103.76,1.29
"Vireo_olivaceus",732,33.53,-77.17,2013,NA,NA,106.84,7.81
"Vireo_olivaceus",733,35.33,-75.5,2013,NA,NA,110.31,7.58
"Vireo_olivaceus",736,40.68,-69.9,2013,130.55,2.12,130.7,2
"Vireo_olivaceus",738,44.14,-65.58,2013,146.05,3.18,146.06,2.89
"Vireo_olivaceus",739,45.82,-63.21,2013,149.43,2.98,149.11,2.74
"Vireo_olivaceus",740,47.45,-60.68,2013,NA,NA,148.09,7.72
"Vireo_olivaceus",741,49.03,-57.98,2013,NA,NA,147.94,10.15
"Vireo_olivaceus",767,44.86,-59.71,2013,NA,NA,148.6,9.27
"Vireo_olivaceus",768,46.43,-57.12,2013,NA,NA,148.34,10.28
"Vireo_olivaceus",769,47.93,-54.37,2013,NA,NA,148.21,12.93
"Vireo_olivaceus",785,27.2,-78.75,2013,NA,NA,90.98,13.13
"Vireo_olivaceus",3670,28.52,-88.63,2013,NA,NA,95.63,7.67
"Vireo_olivaceus",3671,29.4,-86.18,2013,89.93,3.92,91.09,3.33
"Vireo_olivaceus",3672,30.23,-83.72,2013,88.12,3.45,90.16,3.01
"Vireo_olivaceus",3673,31,-81.24,2013,98.71,2.16,98.57,2.08
"Vireo_olivaceus",3700,28.22,-81.6,2013,90.85,2.66,91.18,2.57
"Vireo_olivaceus",424,54.11,-97.38,2014,NA,NA,144.23,13.16
"Vireo_olivaceus",451,51.58,-98.5,2014,NA,NA,144.28,10.45
"Vireo_olivaceus",452,52.48,-94.42,2014,NA,NA,144.84,9.99
"Vireo_olivaceus",478,49.03,-99.52,2014,NA,NA,144.3,10.06
"Vireo_olivaceus",479,49.98,-95.68,2014,NA,NA,144.69,7.72
"Vireo_olivaceus",480,50.79,-91.68,2014,NA,NA,145.08,7.62
"Vireo_olivaceus",481,51.49,-87.52,2014,NA,NA,144.78,8.78
"Vireo_olivaceus",484,52.11,-74.29,2014,NA,NA,149.82,8.64
"Vireo_olivaceus",485,51.49,-69.98,2014,NA,NA,151.83,7.56
"Vireo_olivaceus",486,50.79,-65.82,2014,NA,NA,153.97,7.34
"Vireo_olivaceus",487,49.98,-61.82,2014,NA,NA,153.33,8.03
"Vireo_olivaceus",506,47.45,-96.82,2014,NA,NA,143.48,6.87
"Vireo_olivaceus",507,48.32,-93.05,2014,149.54,4.59,147,3.72
"Vireo_olivaceus",508,49.07,-89.13,2014,NA,NA,143.99,6.16
"Vireo_olivaceus",509,49.73,-85.08,2014,NA,NA,144.83,6.94
"Vireo_olivaceus",510,50.34,-80.89,2014,NA,NA,147.82,7.25
"Vireo_olivaceus",511,50.34,-76.61,2014,NA,NA,148.62,6.87
"Vireo_olivaceus",512,49.73,-72.42,2014,NA,NA,148.96,6.17
"Vireo_olivaceus",513,49.07,-68.37,2014,155.82,2.05,155.13,2
"Vireo_olivaceus",514,48.32,-64.45,2014,167.01,8.69,155.98,5.05
"Vireo_olivaceus",533,44.86,-97.79,2014,NA,NA,138.35,7.3
"Vireo_olivaceus",534,45.82,-94.29,2014,143.72,1.17,143.64,1.15
"Vireo_olivaceus",535,46.62,-90.59,2014,141.39,1.14,141.44,1.12
"Vireo_olivaceus",536,47.32,-86.77,2014,141.25,3.49,141.71,2.93
"Vireo_olivaceus",537,47.96,-82.82,2014,NA,NA,146.15,5.67
"Vireo_olivaceus",538,48.59,-78.75,2014,153.36,2.28,152.15,2.18
"Vireo_olivaceus",539,47.96,-74.68,2014,NA,NA,144.68,5.34
"Vireo_olivaceus",540,47.32,-70.73,2014,144.63,0.92,144.69,0.89
"Vireo_olivaceus",541,46.62,-66.91,2014,150.87,4.84,149.38,3.53
"Vireo_olivaceus",560,42.25,-98.7,2014,NA,NA,131.34,8.09
"Vireo_olivaceus",561,43.25,-95.37,2014,NA,NA,134.95,5.86
"Vireo_olivaceus",562,44.14,-91.92,2014,143.06,1.03,142.81,0.96
"Vireo_olivaceus",563,44.89,-88.3,2014,137.38,0.86,137.4,0.88
"Vireo_olivaceus",564,45.56,-84.56,2014,141.43,1.08,141.39,1.07
"Vireo_olivaceus",565,46.19,-80.71,2014,152.13,3.27,149.18,2.86
"Vireo_olivaceus",566,46.19,-76.79,2014,137.66,0.78,137.77,0.76
"Vireo_olivaceus",567,45.56,-72.94,2014,135.68,0.59,135.73,0.58
"Vireo_olivaceus",568,44.89,-69.2,2014,141.8,0.93,141.77,0.92
"Vireo_olivaceus",587,39.62,-99.59,2014,NA,NA,125.61,8.95
"Vireo_olivaceus",588,40.65,-96.39,2014,NA,NA,126.53,6.29
"Vireo_olivaceus",589,41.59,-93.1,2014,127.35,2.34,127.82,2.15
"Vireo_olivaceus",590,42.43,-89.69,2014,131.5,0.67,131.49,0.69
"Vireo_olivaceus",591,43.13,-86.14,2014,133.93,0.68,133.95,0.65
"Vireo_olivaceus",592,43.78,-82.5,2014,136.01,1.05,136.01,1.04
"Vireo_olivaceus",593,44.43,-78.75,2014,136.55,0.63,136.57,0.63
"Vireo_olivaceus",594,43.78,-75,2014,133.59,0.7,133.64,0.67
"Vireo_olivaceus",595,43.13,-71.36,2014,134.59,0.52,134.58,0.52
"Vireo_olivaceus",615,38.04,-97.42,2014,NA,NA,119.12,6.63
"Vireo_olivaceus",616,39.02,-94.23,2014,121.19,1.71,121.09,1.6
"Vireo_olivaceus",617,39.9,-90.96,2014,122.72,1.53,122.76,1.49
"Vireo_olivaceus",618,40.68,-87.6,2014,130.39,0.8,130.26,0.76
"Vireo_olivaceus",619,41.36,-84.13,2014,129.31,0.54,129.32,0.55
"Vireo_olivaceus",620,42.01,-80.56,2014,130.59,0.57,130.6,0.54
"Vireo_olivaceus",621,42.01,-76.94,2014,130.67,0.58,130.65,0.57
"Vireo_olivaceus",622,41.36,-73.37,2014,128.78,0.45,128.8,0.45
"Vireo_olivaceus",642,35.41,-98.54,2014,NA,NA,111.88,7.07
"Vireo_olivaceus",643,36.43,-95.4,2014,109.36,4.1,110.94,3.41
"Vireo_olivaceus",644,37.35,-92.21,2014,111.08,2.89,111.82,2.51
"Vireo_olivaceus",645,38.19,-88.95,2014,117.19,1.48,117.15,1.44
"Vireo_olivaceus",646,38.91,-85.63,2014,117.8,0.83,117.87,0.82
"Vireo_olivaceus",647,39.58,-82.23,2014,125.55,0.88,125.43,0.86
"Vireo_olivaceus",648,40.23,-78.75,2014,124.31,0.57,124.31,0.55
"Vireo_olivaceus",649,39.58,-75.27,2014,124.91,0.48,124.92,0.49
"Vireo_olivaceus",669,32.64,-98.28,2014,NA,NA,108.72,7.49
"Vireo_olivaceus",670,33.74,-95.9,2014,NA,NA,108.99,5.73
"Vireo_olivaceus",671,34.8,-93.51,2014,108.28,3.03,107.98,2.7
"Vireo_olivaceus",672,35.67,-90.31,2014,106.78,3.9,107.12,3.08
"Vireo_olivaceus",673,36.45,-87.06,2014,111.97,1.27,111.87,1.25
"Vireo_olivaceus",674,37.13,-83.76,2014,110.84,1.14,111.04,1.12
"Vireo_olivaceus",675,37.79,-80.44,2014,119.5,1.01,119.37,0.96
"Vireo_olivaceus",676,37.79,-77.06,2014,115.76,0.55,115.78,0.54
"Vireo_olivaceus",696,29.9,-98.18,2014,NA,NA,106.25,8.58
"Vireo_olivaceus",697,30.99,-95.79,2014,111.94,5.68,108.11,4.4
"Vireo_olivaceus",698,32.03,-93.38,2014,107.57,2.26,106.59,2.07
"Vireo_olivaceus",699,33.03,-90.96,2014,94.38,4.79,97.56,3.62
"Vireo_olivaceus",700,33.98,-88.53,2014,99.5,2.38,99.9,2.19
"Vireo_olivaceus",701,34.7,-85.28,2014,103.98,1.1,104.07,1.08
"Vireo_olivaceus",702,35.33,-82,2014,112.01,0.94,111.87,0.92
"Vireo_olivaceus",703,36,-78.75,2014,108.27,0.93,108.35,0.93
"Vireo_olivaceus",723,27.2,-98.15,2014,NA,NA,105.05,11.72
"Vireo_olivaceus",724,28.28,-95.78,2014,NA,NA,103.62,8.23
"Vireo_olivaceus",725,29.31,-93.38,2014,91.38,4.51,95.1,3.72
"Vireo_olivaceus",726,30.29,-90.96,2014,90.74,2.13,91.61,1.98
"Vireo_olivaceus",727,31.23,-88.53,2014,94.32,3.6,94.63,2.99
"Vireo_olivaceus",728,32.11,-86.07,2014,94.58,2.03,95,1.93
"Vireo_olivaceus",729,32.95,-83.6,2014,100.77,1.58,100.7,1.47
"Vireo_olivaceus",730,33.53,-80.33,2014,100.2,1.5,100.51,1.5
"Vireo_olivaceus",732,33.53,-77.17,2014,NA,NA,106.32,7.74
"Vireo_olivaceus",733,35.33,-75.5,2014,NA,NA,110.04,7.74
"Vireo_olivaceus",736,40.68,-69.9,2014,130.34,1.72,130.42,1.68
"Vireo_olivaceus",738,44.14,-65.58,2014,141.19,2.2,141.6,2.15
"Vireo_olivaceus",739,45.82,-63.21,2014,147.59,1.61,147.75,1.58
"Vireo_olivaceus",740,47.45,-60.68,2014,NA,NA,151.9,7.3
"Vireo_olivaceus",741,49.03,-57.98,2014,NA,NA,152.19,9.87
"Vireo_olivaceus",767,44.86,-59.71,2014,NA,NA,150.33,9.1
"Vireo_olivaceus",768,46.43,-57.12,2014,NA,NA,151.44,9.8
"Vireo_olivaceus",769,47.93,-54.37,2014,NA,NA,151.76,12.81
"Vireo_olivaceus",785,27.2,-78.75,2014,NA,NA,90.1,12.59
"Vireo_olivaceus",3670,28.52,-88.63,2014,NA,NA,93.63,7.73
"Vireo_olivaceus",3671,29.4,-86.18,2014,96.6,6.23,95.37,4.54
"Vireo_olivaceus",3672,30.23,-83.72,2014,93.01,2.4,93.41,2.22
"Vireo_olivaceus",3673,31,-81.24,2014,97.28,2.14,97.22,2.04
"Vireo_olivaceus",3700,28.22,-81.6,2014,90.17,1.61,90.29,1.63
"Vireo_olivaceus",424,54.11,-97.38,2015,NA,NA,140.97,12.88
"Vireo_olivaceus",451,51.58,-98.5,2015,NA,NA,140.85,10.25
"Vireo_olivaceus",452,52.48,-94.42,2015,NA,NA,141.45,9.93
"Vireo_olivaceus",478,49.03,-99.52,2015,NA,NA,140.7,9.9
"Vireo_olivaceus",479,49.98,-95.68,2015,NA,NA,141.61,7.76
"Vireo_olivaceus",480,50.79,-91.68,2015,NA,NA,142.47,7.15
"Vireo_olivaceus",481,51.49,-87.52,2015,NA,NA,142.79,8.53
"Vireo_olivaceus",484,52.11,-74.29,2015,NA,NA,148.68,8.42
"Vireo_olivaceus",485,51.49,-69.98,2015,NA,NA,149.69,7.11
"Vireo_olivaceus",486,50.79,-65.82,2015,NA,NA,151.23,7.25
"Vireo_olivaceus",487,49.98,-61.82,2015,NA,NA,151.72,8.09
"Vireo_olivaceus",506,47.45,-96.82,2015,NA,NA,139.5,6.84
"Vireo_olivaceus",507,48.32,-93.05,2015,146.54,4,144.02,3.24
"Vireo_olivaceus",508,49.07,-89.13,2015,149.28,7.83,143.4,4.87
"Vireo_olivaceus",509,49.73,-85.08,2015,NA,NA,142.24,6.54
"Vireo_olivaceus",510,50.34,-80.89,2015,NA,NA,145.29,7.18
"Vireo_olivaceus",511,50.34,-76.61,2015,NA,NA,146.9,6.45
"Vireo_olivaceus",512,49.73,-72.42,2015,151.71,5.09,149.01,3.93
"Vireo_olivaceus",513,49.07,-68.37,2015,149.56,1.62,149.48,1.55
"Vireo_olivaceus",514,48.32,-64.45,2015,161.63,5.87,154.8,4.26
"Vireo_olivaceus",533,44.86,-97.79,2015,NA,NA,133.31,7.19
"Vireo_olivaceus",534,45.82,-94.29,2015,137.51,1.06,137.46,1.03
"Vireo_olivaceus",535,46.62,-90.59,2015,134.88,0.8,134.97,0.8
"Vireo_olivaceus",536,47.32,-86.77,2015,139.23,2.94,139.08,2.52
"Vireo_olivaceus",537,47.96,-82.82,2015,NA,NA,141.41,5.59
"Vireo_olivaceus",538,48.59,-78.75,2015,152.36,2.54,150.18,2.33
"Vireo_olivaceus",539,47.96,-74.68,2015,NA,NA,142.76,5.28
"Vireo_olivaceus",540,47.32,-70.73,2015,140.68,0.79,140.76,0.79
"Vireo_olivaceus",541,46.62,-66.91,2015,147,3.44,146.81,2.82
"Vireo_olivaceus",560,42.25,-98.7,2015,NA,NA,126.97,7.97
"Vireo_olivaceus",561,43.25,-95.37,2015,NA,NA,129.96,5.9
"Vireo_olivaceus",562,44.14,-91.92,2015,135.63,0.87,135.53,0.86
"Vireo_olivaceus",563,44.89,-88.3,2015,133.49,0.67,133.51,0.66
"Vireo_olivaceus",564,45.56,-84.56,2015,136.22,1.02,136.2,1.01
"Vireo_olivaceus",565,46.19,-80.71,2015,134.61,1.61,134.91,1.52
"Vireo_olivaceus",566,46.19,-76.79,2015,135.58,0.77,135.66,0.77
"Vireo_olivaceus",567,45.56,-72.94,2015,134.27,0.51,134.3,0.51
"Vireo_olivaceus",568,44.89,-69.2,2015,138.85,0.8,138.85,0.82
"Vireo_olivaceus",587,39.62,-99.59,2015,NA,NA,122.55,9.07
"Vireo_olivaceus",588,40.65,-96.39,2015,NA,NA,122.99,6.27
"Vireo_olivaceus",589,41.59,-93.1,2015,123.43,1.99,123.7,1.88
"Vireo_olivaceus",590,42.43,-89.69,2015,128.7,0.7,128.69,0.67
"Vireo_olivaceus",591,43.13,-86.14,2015,132.65,0.65,132.63,0.64
"Vireo_olivaceus",592,43.78,-82.5,2015,131.17,0.96,131.2,0.97
"Vireo_olivaceus",593,44.43,-78.75,2015,132.78,0.56,132.79,0.56
"Vireo_olivaceus",594,43.78,-75,2015,131.35,0.65,131.36,0.63
"Vireo_olivaceus",595,43.13,-71.36,2015,134,0.47,133.99,0.48
"Vireo_olivaceus",615,38.04,-97.42,2015,NA,NA,117.41,6.6
"Vireo_olivaceus",616,39.02,-94.23,2015,117.79,1.61,117.76,1.56
"Vireo_olivaceus",617,39.9,-90.96,2015,115.73,1.52,116.09,1.4
"Vireo_olivaceus",618,40.68,-87.6,2015,126.1,0.76,126.03,0.73
"Vireo_olivaceus",619,41.36,-84.13,2015,127.87,0.58,127.85,0.58
"Vireo_olivaceus",620,42.01,-80.56,2015,129.23,0.57,129.21,0.55
"Vireo_olivaceus",621,42.01,-76.94,2015,128.04,0.51,128.04,0.51
"Vireo_olivaceus",622,41.36,-73.37,2015,126.32,0.49,126.33,0.47
"Vireo_olivaceus",642,35.41,-98.54,2015,NA,NA,110.12,7.4
"Vireo_olivaceus",643,36.43,-95.4,2015,114.59,2.85,113.8,2.55
"Vireo_olivaceus",644,37.35,-92.21,2015,110.49,2.43,110.85,2.12
"Vireo_olivaceus",645,38.19,-88.95,2015,113.38,1.29,113.44,1.25
"Vireo_olivaceus",646,38.91,-85.63,2015,118.9,0.82,118.85,0.83
"Vireo_olivaceus",647,39.58,-82.23,2015,122.65,0.83,122.56,0.82
"Vireo_olivaceus",648,40.23,-78.75,2015,122.05,0.5,122.06,0.5
"Vireo_olivaceus",649,39.58,-75.27,2015,122.04,0.41,122.05,0.42
"Vireo_olivaceus",669,32.64,-98.28,2015,NA,NA,104.74,7.59
"Vireo_olivaceus",670,33.74,-95.9,2015,NA,NA,105.75,5.83
"Vireo_olivaceus",671,34.8,-93.51,2015,103.31,2.47,103.81,2.23
"Vireo_olivaceus",672,35.67,-90.31,2015,110.41,2.46,109.48,2.2
"Vireo_olivaceus",673,36.45,-87.06,2015,108.27,1.16,108.27,1.15
"Vireo_olivaceus",674,37.13,-83.76,2015,106.03,1.28,106.38,1.24
"Vireo_olivaceus",675,37.79,-80.44,2015,117.5,0.85,117.39,0.83
"Vireo_olivaceus",676,37.79,-77.06,2015,114.67,0.56,114.66,0.57
"Vireo_olivaceus",696,29.9,-98.18,2015,NA,NA,101.38,8.45
"Vireo_olivaceus",697,30.99,-95.79,2015,102.44,5.74,101.75,4.34
"Vireo_olivaceus",698,32.03,-93.38,2015,100.62,2.94,100.39,2.54
"Vireo_olivaceus",699,33.03,-90.96,2015,95.87,4.34,97.46,3.42
"Vireo_olivaceus",700,33.98,-88.53,2015,96.65,1.6,97.04,1.54
"Vireo_olivaceus",701,34.7,-85.28,2015,100.58,1.01,100.66,0.97
"Vireo_olivaceus",702,35.33,-82,2015,106.12,0.82,106.07,0.81
"Vireo_olivaceus",703,36,-78.75,2015,103.12,0.93,103.24,0.92
"Vireo_olivaceus",723,27.2,-98.15,2015,NA,NA,100.07,11.39
"Vireo_olivaceus",724,28.28,-95.78,2015,NA,NA,99.63,8.15
"Vireo_olivaceus",725,29.31,-93.38,2015,94.74,2.14,95.12,2.06
"Vireo_olivaceus",726,30.29,-90.96,2015,93.04,2.04,93.43,1.83
"Vireo_olivaceus",727,31.23,-88.53,2015,93.09,4.03,93.93,3.21
"Vireo_olivaceus",728,32.11,-86.07,2015,94.96,1.78,95.19,1.67
"Vireo_olivaceus",729,32.95,-83.6,2015,100.54,1.23,100.47,1.2
"Vireo_olivaceus",730,33.53,-80.33,2015,96.58,1.57,96.91,1.54
"Vireo_olivaceus",732,33.53,-77.17,2015,NA,NA,101.88,7.53
"Vireo_olivaceus",733,35.33,-75.5,2015,105.31,6.74,105.77,4.96
"Vireo_olivaceus",736,40.68,-69.9,2015,129.14,1.51,129.19,1.56
"Vireo_olivaceus",738,44.14,-65.58,2015,146.1,2.12,145.96,2.08
"Vireo_olivaceus",739,45.82,-63.21,2015,146.87,1.27,146.98,1.26
"Vireo_olivaceus",740,47.45,-60.68,2015,NA,NA,150.52,7.14
"Vireo_olivaceus",741,49.03,-57.98,2015,NA,NA,150.44,9.63
"Vireo_olivaceus",767,44.86,-59.71,2015,NA,NA,149.17,9.07
"Vireo_olivaceus",768,46.43,-57.12,2015,NA,NA,150.12,9.89
"Vireo_olivaceus",769,47.93,-54.37,2015,NA,NA,150.22,12.62
"Vireo_olivaceus",785,27.2,-78.75,2015,NA,NA,86.9,12.62
"Vireo_olivaceus",3670,28.52,-88.63,2015,NA,NA,94.06,7.95
"Vireo_olivaceus",3671,29.4,-86.18,2015,96.13,10.27,94.93,5.63
"Vireo_olivaceus",3672,30.23,-83.72,2015,95.39,2.34,95.41,2.21
"Vireo_olivaceus",3673,31,-81.24,2015,98.27,2.34,97.87,2.22
"Vireo_olivaceus",3700,28.22,-81.6,2015,86.42,1.84,86.86,1.83
"Vireo_olivaceus",424,54.11,-97.38,2016,NA,NA,142.4,12.73
"Vireo_olivaceus",451,51.58,-98.5,2016,NA,NA,142.47,10.17
"Vireo_olivaceus",452,52.48,-94.42,2016,NA,NA,142.75,9.72
"Vireo_olivaceus",478,49.03,-99.52,2016,NA,NA,141.64,9.78
"Vireo_olivaceus",479,49.98,-95.68,2016,NA,NA,142.38,7.51
"Vireo_olivaceus",480,50.79,-91.68,2016,NA,NA,144.01,7.23
"Vireo_olivaceus",481,51.49,-87.52,2016,NA,NA,144.41,8.54
"Vireo_olivaceus",484,52.11,-74.29,2016,NA,NA,148.2,8.34
"Vireo_olivaceus",485,51.49,-69.98,2016,NA,NA,150.06,7.1
"Vireo_olivaceus",486,50.79,-65.82,2016,NA,NA,155.32,7.1
"Vireo_olivaceus",487,49.98,-61.82,2016,NA,NA,165.59,7.18
"Vireo_olivaceus",506,47.45,-96.82,2016,NA,NA,140.61,6.72
"Vireo_olivaceus",507,48.32,-93.05,2016,145.12,3.08,144.25,2.74
"Vireo_olivaceus",508,49.07,-89.13,2016,156.53,10.5,145.48,5.19
"Vireo_olivaceus",509,49.73,-85.08,2016,NA,NA,144.18,6.68
"Vireo_olivaceus",510,50.34,-80.89,2016,NA,NA,146.4,6.99
"Vireo_olivaceus",511,50.34,-76.61,2016,NA,NA,147.42,6.43
"Vireo_olivaceus",512,49.73,-72.42,2016,146.22,5.25,146.95,3.99
"Vireo_olivaceus",513,49.07,-68.37,2016,149.94,1.26,149.94,1.23
"Vireo_olivaceus",514,48.32,-64.45,2016,155.21,4.56,156.15,3.58
"Vireo_olivaceus",533,44.86,-97.79,2016,NA,NA,135.82,7.3
"Vireo_olivaceus",534,45.82,-94.29,2016,139.16,1.12,139.13,1.1
"Vireo_olivaceus",535,46.62,-90.59,2016,139.82,0.81,139.87,0.79
"Vireo_olivaceus",536,47.32,-86.77,2016,140.22,1.99,140.47,1.85
"Vireo_olivaceus",537,47.96,-82.82,2016,NA,NA,143.97,5.62
"Vireo_olivaceus",538,48.59,-78.75,2016,151.27,1.73,150.5,1.63
"Vireo_olivaceus",539,47.96,-74.68,2016,NA,NA,144.84,5.37
"Vireo_olivaceus",540,47.32,-70.73,2016,144.97,0.67,144.96,0.66
"Vireo_olivaceus",541,46.62,-66.91,2016,146.72,2.8,147.02,2.46
"Vireo_olivaceus",560,42.25,-98.7,2016,NA,NA,130.06,8.16
"Vireo_olivaceus",561,43.25,-95.37,2016,NA,NA,132.97,5.73
"Vireo_olivaceus",562,44.14,-91.92,2016,138.89,0.84,138.8,0.83
"Vireo_olivaceus",563,44.89,-88.3,2016,139.84,0.66,139.85,0.68
"Vireo_olivaceus",564,45.56,-84.56,2016,140.88,0.86,140.86,0.82
"Vireo_olivaceus",565,46.19,-80.71,2016,141.47,1.54,141.49,1.47
"Vireo_olivaceus",566,46.19,-76.79,2016,139.41,0.65,139.45,0.63
"Vireo_olivaceus",567,45.56,-72.94,2016,139.72,0.49,139.73,0.48
"Vireo_olivaceus",568,44.89,-69.2,2016,141.1,0.68,141.13,0.67
"Vireo_olivaceus",587,39.62,-99.59,2016,NA,NA,125.34,9.14
"Vireo_olivaceus",588,40.65,-96.39,2016,NA,NA,126.09,6.26
"Vireo_olivaceus",589,41.59,-93.1,2016,128.26,1.55,128.34,1.45
"Vireo_olivaceus",590,42.43,-89.69,2016,135.88,0.61,135.85,0.61
"Vireo_olivaceus",591,43.13,-86.14,2016,137.96,0.58,137.95,0.58
"Vireo_olivaceus",592,43.78,-82.5,2016,139.18,0.73,139.16,0.71
"Vireo_olivaceus",593,44.43,-78.75,2016,137.81,0.52,137.82,0.52
"Vireo_olivaceus",594,43.78,-75,2016,136.46,0.58,136.45,0.57
"Vireo_olivaceus",595,43.13,-71.36,2016,137.51,0.51,137.49,0.52
"Vireo_olivaceus",615,38.04,-97.42,2016,NA,NA,119.21,6.64
"Vireo_olivaceus",616,39.02,-94.23,2016,121.21,1.26,121.1,1.24
"Vireo_olivaceus",617,39.9,-90.96,2016,118.36,1.3,118.74,1.26
"Vireo_olivaceus",618,40.68,-87.6,2016,132.4,0.76,132.3,0.77
"Vireo_olivaceus",619,41.36,-84.13,2016,133.3,0.54,133.27,0.54
"Vireo_olivaceus",620,42.01,-80.56,2016,134.72,0.55,134.68,0.55
"Vireo_olivaceus",621,42.01,-76.94,2016,134.21,0.5,134.21,0.48
"Vireo_olivaceus",622,41.36,-73.37,2016,131.71,0.47,131.72,0.46
"Vireo_olivaceus",642,35.41,-98.54,2016,NA,NA,112.37,7.37
"Vireo_olivaceus",643,36.43,-95.4,2016,110.68,4.09,111.79,3.34
"Vireo_olivaceus",644,37.35,-92.21,2016,109.48,2.27,110.35,2.02
"Vireo_olivaceus",645,38.19,-88.95,2016,119.03,1.36,118.93,1.26
"Vireo_olivaceus",646,38.91,-85.63,2016,118.67,0.82,118.74,0.8
"Vireo_olivaceus",647,39.58,-82.23,2016,122.55,0.73,122.58,0.72
"Vireo_olivaceus",648,40.23,-78.75,2016,124.86,0.51,124.84,0.5
"Vireo_olivaceus",649,39.58,-75.27,2016,125.55,0.51,125.57,0.51
"Vireo_olivaceus",669,32.64,-98.28,2016,NA,NA,109.81,7.81
"Vireo_olivaceus",670,33.74,-95.9,2016,NA,NA,109.14,6.02
"Vireo_olivaceus",671,34.8,-93.51,2016,107.9,2.04,107.81,1.89
"Vireo_olivaceus",672,35.67,-90.31,2016,111.74,2.34,111.13,2.13
"Vireo_olivaceus",673,36.45,-87.06,2016,111.66,1.2,111.66,1.19
"Vireo_olivaceus",674,37.13,-83.76,2016,113.87,1.11,113.86,1.08
"Vireo_olivaceus",675,37.79,-80.44,2016,116.01,0.97,116.06,0.94
"Vireo_olivaceus",676,37.79,-77.06,2016,115.24,0.54,115.25,0.55
"Vireo_olivaceus",696,29.9,-98.18,2016,NA,NA,107.38,8.52
"Vireo_olivaceus",697,30.99,-95.79,2016,118.89,5.79,110.67,4.38
"Vireo_olivaceus",698,32.03,-93.38,2016,102.44,2.7,102.48,2.48
"Vireo_olivaceus",699,33.03,-90.96,2016,96.21,4.62,98.97,3.42
"Vireo_olivaceus",700,33.98,-88.53,2016,103.76,1.81,103.68,1.64
"Vireo_olivaceus",701,34.7,-85.28,2016,106.76,0.96,106.77,0.95
"Vireo_olivaceus",702,35.33,-82,2016,111.15,0.76,111.09,0.77
"Vireo_olivaceus",703,36,-78.75,2016,109.63,0.92,109.6,0.89
"Vireo_olivaceus",723,27.2,-98.15,2016,NA,NA,105.72,11.35
"Vireo_olivaceus",724,28.28,-95.78,2016,NA,NA,103.7,8.01
"Vireo_olivaceus",725,29.31,-93.38,2016,89.71,2.33,91.42,2.18
"Vireo_olivaceus",726,30.29,-90.96,2016,97.65,2.12,97.45,1.94
"Vireo_olivaceus",727,31.23,-88.53,2016,90.41,3.51,92.49,2.89
"Vireo_olivaceus",728,32.11,-86.07,2016,98.69,1.82,98.6,1.77
"Vireo_olivaceus",729,32.95,-83.6,2016,105.41,1.24,105.22,1.21
"Vireo_olivaceus",730,33.53,-80.33,2016,101.15,1.4,101.39,1.35
"Vireo_olivaceus",732,33.53,-77.17,2016,102.64,5.5,103.69,4.54
"Vireo_olivaceus",733,35.33,-75.5,2016,102.92,5.84,105.45,4.67
"Vireo_olivaceus",736,40.68,-69.9,2016,131.89,1.61,131.96,1.59
"Vireo_olivaceus",738,44.14,-65.58,2016,147.84,1.58,147.71,1.57
"Vireo_olivaceus",739,45.82,-63.21,2016,146.66,0.99,147.06,0.99
"Vireo_olivaceus",740,47.45,-60.68,2016,184.45,3,179.17,2.9
"Vireo_olivaceus",741,49.03,-57.98,2016,NA,NA,172.43,8.4
"Vireo_olivaceus",767,44.86,-59.71,2016,NA,NA,166.22,8.08
"Vireo_olivaceus",768,46.43,-57.12,2016,NA,NA,172.36,8.33
"Vireo_olivaceus",769,47.93,-54.37,2016,NA,NA,172.43,11.36
"Vireo_olivaceus",785,27.2,-78.75,2016,NA,NA,90.92,12.55
"Vireo_olivaceus",3670,28.52,-88.63,2016,NA,NA,93.56,7.32
"Vireo_olivaceus",3671,29.4,-86.18,2016,89.61,3.79,90.72,3.19
"Vireo_olivaceus",3672,30.23,-83.72,2016,89.42,2.19,90.35,2.02
"Vireo_olivaceus",3673,31,-81.24,2016,99.17,2.02,98.96,1.9
"Vireo_olivaceus",3700,28.22,-81.6,2016,90.8,1.73,90.97,1.74
"Vireo_olivaceus",424,54.11,-97.38,2017,NA,NA,141.31,12.76
"Vireo_olivaceus",451,51.58,-98.5,2017,NA,NA,141.41,9.94
"Vireo_olivaceus",452,52.48,-94.42,2017,NA,NA,141.97,9.65
"Vireo_olivaceus",478,49.03,-99.52,2017,NA,NA,140.85,9.68
"Vireo_olivaceus",479,49.98,-95.68,2017,NA,NA,141.24,7.41
"Vireo_olivaceus",480,50.79,-91.68,2017,NA,NA,143.43,6.71
"Vireo_olivaceus",481,51.49,-87.52,2017,NA,NA,145.01,8.31
"Vireo_olivaceus",484,52.11,-74.29,2017,NA,NA,147.07,8.14
"Vireo_olivaceus",485,51.49,-69.98,2017,NA,NA,148.16,7.13
"Vireo_olivaceus",486,50.79,-65.82,2017,NA,NA,150.92,6.96
"Vireo_olivaceus",487,49.98,-61.82,2017,NA,NA,158.21,7.28
"Vireo_olivaceus",506,47.45,-96.82,2017,NA,NA,139.46,6.78
"Vireo_olivaceus",507,48.32,-93.05,2017,140.9,2.3,141.09,2.11
"Vireo_olivaceus",508,49.07,-89.13,2017,149.5,3.3,147.68,2.95
"Vireo_olivaceus",509,49.73,-85.08,2017,NA,NA,145.04,6.4
"Vireo_olivaceus",510,50.34,-80.89,2017,NA,NA,145.93,7.25
"Vireo_olivaceus",511,50.34,-76.61,2017,NA,NA,146.17,6.37
"Vireo_olivaceus",512,49.73,-72.42,2017,146.29,3.57,146.19,3.06
"Vireo_olivaceus",513,49.07,-68.37,2017,148.68,1.04,148.6,1.05
"Vireo_olivaceus",514,48.32,-64.45,2017,146.72,4.3,148.92,3.53
"Vireo_olivaceus",533,44.86,-97.79,2017,NA,NA,135.51,7.22
"Vireo_olivaceus",534,45.82,-94.29,2017,139,0.92,138.96,0.91
"Vireo_olivaceus",535,46.62,-90.59,2017,142.76,0.8,142.72,0.8
"Vireo_olivaceus",536,47.32,-86.77,2017,142.55,2.1,142.66,1.94
"Vireo_olivaceus",537,47.96,-82.82,2017,NA,NA,143.42,5.42
"Vireo_olivaceus",538,48.59,-78.75,2017,150.5,1.83,149.52,1.72
"Vireo_olivaceus",539,47.96,-74.68,2017,NA,NA,143.13,5.27
"Vireo_olivaceus",540,47.32,-70.73,2017,142.47,0.62,142.49,0.6
"Vireo_olivaceus",541,46.62,-66.91,2017,141.99,3,142.75,2.55
"Vireo_olivaceus",560,42.25,-98.7,2017,NA,NA,130.36,7.99
"Vireo_olivaceus",561,43.25,-95.37,2017,NA,NA,132.84,5.93
"Vireo_olivaceus",562,44.14,-91.92,2017,137.21,0.79,137.17,0.78
"Vireo_olivaceus",563,44.89,-88.3,2017,140.3,0.73,140.25,0.72
"Vireo_olivaceus",564,45.56,-84.56,2017,140.07,0.76,140.03,0.75
"Vireo_olivaceus",565,46.19,-80.71,2017,136.74,1.32,136.98,1.28
"Vireo_olivaceus",566,46.19,-76.79,2017,137.49,0.62,137.53,0.61
"Vireo_olivaceus",567,45.56,-72.94,2017,137.18,0.43,137.2,0.43
"Vireo_olivaceus",568,44.89,-69.2,2017,139.81,0.69,139.83,0.69
"Vireo_olivaceus",587,39.62,-99.59,2017,NA,NA,126.1,8.88
"Vireo_olivaceus",588,40.65,-96.39,2017,NA,NA,126.95,6.26
"Vireo_olivaceus",589,41.59,-93.1,2017,127.64,1.18,127.7,1.15
"Vireo_olivaceus",590,42.43,-89.69,2017,133.07,0.6,133.05,0.61
"Vireo_olivaceus",591,43.13,-86.14,2017,135.41,0.57,135.4,0.57
"Vireo_olivaceus",592,43.78,-82.5,2017,136.3,0.74,136.3,0.73
"Vireo_olivaceus",593,44.43,-78.75,2017,137.53,0.55,137.48,0.55
"Vireo_olivaceus",594,43.78,-75,2017,136.21,0.6,136.18,0.61
"Vireo_olivaceus",595,43.13,-71.36,2017,135.62,0.5,135.6,0.5
"Vireo_olivaceus",615,38.04,-97.42,2017,NA,NA,121.1,6.49
"Vireo_olivaceus",616,39.02,-94.23,2017,124.44,1.13,124.24,1.15
"Vireo_olivaceus",617,39.9,-90.96,2017,118.94,1.37,119.36,1.28
"Vireo_olivaceus",618,40.68,-87.6,2017,131.29,0.65,131.21,0.65
"Vireo_olivaceus",619,41.36,-84.13,2017,132.57,0.5,132.54,0.51
"Vireo_olivaceus",620,42.01,-80.56,2017,132.59,0.53,132.55,0.53
"Vireo_olivaceus",621,42.01,-76.94,2017,131.63,0.51,131.61,0.5
"Vireo_olivaceus",622,41.36,-73.37,2017,127.53,0.51,127.54,0.5
"Vireo_olivaceus",642,35.41,-98.54,2017,NA,NA,112.68,6.97
"Vireo_olivaceus",643,36.43,-95.4,2017,114.86,3.27,114.81,2.83
"Vireo_olivaceus",644,37.35,-92.21,2017,114.25,2.13,114.57,1.94
"Vireo_olivaceus",645,38.19,-88.95,2017,119.73,1.18,119.63,1.17
"Vireo_olivaceus",646,38.91,-85.63,2017,120.48,0.8,120.46,0.78
"Vireo_olivaceus",647,39.58,-82.23,2017,121.2,0.73,121.25,0.73
"Vireo_olivaceus",648,40.23,-78.75,2017,124.24,0.54,124.24,0.56
"Vireo_olivaceus",649,39.58,-75.27,2017,121.3,0.51,121.33,0.52
"Vireo_olivaceus",669,32.64,-98.28,2017,NA,NA,107.92,7.45
"Vireo_olivaceus",670,33.74,-95.9,2017,104.2,4.91,106.74,3.79
"Vireo_olivaceus",671,34.8,-93.51,2017,109.33,2.14,109.2,2
"Vireo_olivaceus",672,35.67,-90.31,2017,110.67,2.3,110.42,2.12
"Vireo_olivaceus",673,36.45,-87.06,2017,109.09,1.19,109.15,1.17
"Vireo_olivaceus",674,37.13,-83.76,2017,111.96,1.09,112.04,1.06
"Vireo_olivaceus",675,37.79,-80.44,2017,116.33,0.84,116.32,0.83
"Vireo_olivaceus",676,37.79,-77.06,2017,116.38,0.52,116.38,0.51
"Vireo_olivaceus",696,29.9,-98.18,2017,NA,NA,106.65,8.4
"Vireo_olivaceus",697,30.99,-95.79,2017,105.78,6.12,106.04,4.45
"Vireo_olivaceus",698,32.03,-93.38,2017,106.69,2.31,106.33,2.21
"Vireo_olivaceus",699,33.03,-90.96,2017,99.89,2.88,100.92,2.55
"Vireo_olivaceus",700,33.98,-88.53,2017,99.93,2.16,100.27,2.02
"Vireo_olivaceus",701,34.7,-85.28,2017,104.06,0.94,104.08,0.94
"Vireo_olivaceus",702,35.33,-82,2017,110.61,0.77,110.54,0.76
"Vireo_olivaceus",703,36,-78.75,2017,108.94,0.75,108.95,0.75
"Vireo_olivaceus",723,27.2,-98.15,2017,NA,NA,105.84,11.42
"Vireo_olivaceus",724,28.28,-95.78,2017,NA,NA,105.71,7.96
"Vireo_olivaceus",725,29.31,-93.38,2017,104.79,2.1,104.83,2.03
"Vireo_olivaceus",726,30.29,-90.96,2017,102.25,1.64,102.06,1.53
"Vireo_olivaceus",727,31.23,-88.53,2017,95.75,3.28,95.97,2.73
"Vireo_olivaceus",728,32.11,-86.07,2017,94.33,1.88,94.64,1.82
"Vireo_olivaceus",729,32.95,-83.6,2017,102.92,1.17,102.81,1.18
"Vireo_olivaceus",730,33.53,-80.33,2017,101.82,1.15,101.89,1.13
"Vireo_olivaceus",732,33.53,-77.17,2017,99.3,4.19,100.69,3.84
"Vireo_olivaceus",733,35.33,-75.5,2017,101.75,4.6,103.61,3.87
"Vireo_olivaceus",736,40.68,-69.9,2017,127.53,1.82,127.71,1.82
"Vireo_olivaceus",738,44.14,-65.58,2017,145.31,1.28,145.23,1.23
"Vireo_olivaceus",739,45.82,-63.21,2017,144.05,0.86,144.25,0.84
"Vireo_olivaceus",740,47.45,-60.68,2017,178.1,4.4,168.89,3.68
"Vireo_olivaceus",741,49.03,-57.98,2017,NA,NA,163.59,8.44
"Vireo_olivaceus",767,44.86,-59.71,2017,NA,NA,158.69,8.1
"Vireo_olivaceus",768,46.43,-57.12,2017,NA,NA,163.65,8.64
"Vireo_olivaceus",769,47.93,-54.37,2017,NA,NA,163.19,11.67
"Vireo_olivaceus",785,27.2,-78.75,2017,NA,NA,91.66,12.83
"Vireo_olivaceus",3670,28.52,-88.63,2017,NA,NA,94.61,7.66
"Vireo_olivaceus",3671,29.4,-86.18,2017,75.77,7.27,86.31,4.96
"Vireo_olivaceus",3672,30.23,-83.72,2017,91.12,2.34,91.62,2.16
"Vireo_olivaceus",3673,31,-81.24,2017,99.07,1.6,98.93,1.46
"Vireo_olivaceus",3700,28.22,-81.6,2017,91.64,1.68,91.73,1.67
