"species","year","cell","juv_mean","juv_sd"
"Catharus_fuscescens",1991,622,198.939333333333,4.01011218324075
"Catharus_fuscescens",1992,594,198.46,3.25722298647134
"Catharus_fuscescens",1992,595,204.654833333333,7.52534374222392
"Catharus_fuscescens",1992,622,199.124,4.37505971668815
"Catharus_fuscescens",1993,594,201.919166666667,7.5278645110176
"Catharus_fuscescens",1993,595,200.273333333333,4.72553460839209
"Catharus_fuscescens",1993,622,198.182333333333,5.67386875832267
"Catharus_fuscescens",1994,594,200.715333333333,4.83699606960613
"Catharus_fuscescens",1994,595,196.812666666667,4.21977969160277
"Catharus_fuscescens",1994,622,195.992666666667,2.48521808708591
"Catharus_fuscescens",1995,508,207.022666666667,2.29841249682394
"Catharus_fuscescens",1995,594,193.698666666667,7.77478441937032
"Catharus_fuscescens",1995,595,194.959333333333,4.50193189501501
"Catharus_fuscescens",1995,622,197.078833333333,4.64103528396126
"Catharus_fuscescens",1996,595,194.964833333333,5.45489590066606
"Catharus_fuscescens",1996,621,203.414666666667,2.9979241952506
"Catharus_fuscescens",1996,622,201.776666666667,3.54192223108734
"Catharus_fuscescens",1997,508,207.326833333333,1.48348017326139
"Catharus_fuscescens",1997,567,201.361666666667,4.84080944969368
"Catharus_fuscescens",1997,594,197.741333333333,6.76858383834844
"Catharus_fuscescens",1997,621,199.683833333333,8.97243683414263
"Catharus_fuscescens",1997,622,200.414666666667,2.14891162973747
"Catharus_fuscescens",1998,508,197.879833333333,8.77571813834607
"Catharus_fuscescens",1998,595,197.4245,5.89692818708808
"Catharus_fuscescens",1998,622,202.916833333333,3.14508588644164
"Catharus_fuscescens",1999,595,198.6065,8.9408788327761
"Catharus_fuscescens",1999,622,195.794,3.4890676307798
"Catharus_fuscescens",2000,621,196.980666666667,8.04272386218807
"Catharus_fuscescens",2000,622,199.156833333333,3.46769483328599
"Catharus_fuscescens",2001,567,201.5855,4.05180115488982
"Catharus_fuscescens",2001,622,198.273833333333,4.73834612069959
"Catharus_fuscescens",2002,622,201.7005,4.09596499474866
"Catharus_fuscescens",2003,622,194.274666666667,3.83484148613206
"Catharus_fuscescens",2004,567,199.1095,9.38144507358069
"Catharus_fuscescens",2004,595,196.918333333333,5.43030802653951
"Catharus_fuscescens",2004,622,191.518666666667,5.35659410499089
"Catharus_fuscescens",2005,595,189.4285,8.09259761176952
"Catharus_fuscescens",2005,622,195.0385,2.29184638300808
"Catharus_fuscescens",2006,564,205.968166666667,2.81818091378689
"Catharus_fuscescens",2006,595,194.219,5.10287947109108
"Catharus_fuscescens",2007,564,198.075166666667,8.45983321950887
"Catharus_fuscescens",2007,622,197.436833333333,2.97525662717607
"Catharus_fuscescens",2008,595,197.897,5.55729594824462
"Catharus_fuscescens",2008,621,188.687333333333,5.90745765098703
"Catharus_fuscescens",2008,622,196.17,2.96550710200836
"Catharus_fuscescens",2009,595,192.953666666667,5.62047905903323
"Catharus_fuscescens",2009,622,189.071833333333,6.61654263279729
"Catharus_fuscescens",2010,622,193.461166666667,3.04554940868732
"Catharus_fuscescens",2011,567,189.901,8.62598401729977
"Catharus_fuscescens",2011,622,190.579166666667,2.32865549440534
"Catharus_fuscescens",2012,622,194.435166666667,3.65276430758086
"Catharus_fuscescens",2013,567,188.278,4.20305368472885
"Catharus_fuscescens",2013,621,198.624833333333,9.00173623149552
"Catharus_fuscescens",2015,567,195.83,4.20163170107661
"Catharus_fuscescens",2016,567,197.028666666667,3.57863744972231
"Catharus_guttatus",1996,568,189.573666666667,6.42433798731964
"Catharus_guttatus",1998,568,189.133666666667,2.30022065421238
"Catharus_guttatus",1999,568,193.123833333333,5.91985411568681
"Catharus_guttatus",2000,568,186.451333333333,4.80570640224303
"Catharus_guttatus",2001,568,186.559333333333,6.95472555821967
"Catharus_guttatus",2001,738,185.1175,8.44759851891586
"Catharus_guttatus",2002,568,203.567333333333,5.04034063609232
"Catharus_guttatus",2006,564,191.182833333333,3.84727681553738
"Catharus_guttatus",2006,568,177.847833333333,8.45909400295213
"Catharus_guttatus",2007,564,195.458666666667,7.8781534917324
"Catharus_guttatus",2007,568,172.084666666667,8.45620577593223
"Dumetella_carolinensis",1990,562,195.751833333333,4.09406564853056
"Dumetella_carolinensis",1990,591,191.550666666667,4.99629129555185
"Dumetella_carolinensis",1991,562,190.7905,5.21943325441082
"Dumetella_carolinensis",1991,591,185.053666666667,2.42654100297016
"Dumetella_carolinensis",1991,594,195.92,5.28102719251044
"Dumetella_carolinensis",1992,591,188.343166666667,3.87890589694849
"Dumetella_carolinensis",1992,594,200.524333333333,5.00192407275712
"Dumetella_carolinensis",1992,619,193.991666666667,5.9906520408217
"Dumetella_carolinensis",1993,562,194.716166666667,4.47045144568684
"Dumetella_carolinensis",1993,591,187.284333333333,2.82703966151229
"Dumetella_carolinensis",1993,594,191.0545,6.41038573391203
"Dumetella_carolinensis",1993,619,190.723333333333,2.92561368345054
"Dumetella_carolinensis",1993,646,183.0495,5.79332750014365
"Dumetella_carolinensis",1994,533,192.345333333333,2.80702537468603
"Dumetella_carolinensis",1994,562,196.146333333333,6.29273546577024
"Dumetella_carolinensis",1994,591,188.412166666667,3.25802410862846
"Dumetella_carolinensis",1994,594,192.237666666667,4.36073585821167
"Dumetella_carolinensis",1994,615,198.454166666667,4.10597643433351
"Dumetella_carolinensis",1994,619,190.995333333333,2.71075689111166
"Dumetella_carolinensis",1994,643,186.894166666667,6.41613802143267
"Dumetella_carolinensis",1994,646,188.391666666667,3.99915775708043
"Dumetella_carolinensis",1995,533,204.118333333333,2.05232369790498
"Dumetella_carolinensis",1995,562,197.599333333333,4.26331195907192
"Dumetella_carolinensis",1995,591,189.149,1.60495949559392
"Dumetella_carolinensis",1995,594,198.947166666667,4.27411823108944
"Dumetella_carolinensis",1995,619,189.082333333333,2.49584843933432
"Dumetella_carolinensis",1995,643,197.615833333333,9.72865306302089
"Dumetella_carolinensis",1995,646,197.296,5.74191131862308
"Dumetella_carolinensis",1996,591,201.019166666667,3.040669923633
"Dumetella_carolinensis",1996,594,196.174,9.54738617443507
"Dumetella_carolinensis",1996,615,197.432166666667,3.19933919230729
"Dumetella_carolinensis",1996,619,198.516833333333,2.65208513528815
"Dumetella_carolinensis",1996,646,195.9655,4.40989995573633
"Dumetella_carolinensis",1996,675,197.372833333333,4.92705536989304
"Dumetella_carolinensis",1997,589,193.554833333333,5.00241581633869
"Dumetella_carolinensis",1997,591,193.559,1.84943840225458
"Dumetella_carolinensis",1997,594,197.442666666667,4.746978181524
"Dumetella_carolinensis",1997,615,194.024,5.43191264158623
"Dumetella_carolinensis",1997,619,199.024833333333,3.89012495312349
"Dumetella_carolinensis",1997,646,196.061,4.47965291233996
"Dumetella_carolinensis",1997,647,195.7455,4.13472035355077
"Dumetella_carolinensis",1998,591,189.650166666667,2.6340601773166
"Dumetella_carolinensis",1998,615,194.209333333333,3.71476506239632
"Dumetella_carolinensis",1998,616,185.321333333333,7.05334694827576
"Dumetella_carolinensis",1998,619,199.921166666667,4.07848717645366
"Dumetella_carolinensis",1998,620,192.477166666667,6.39408263065705
"Dumetella_carolinensis",1998,646,194.594166666667,3.9947622782629
"Dumetella_carolinensis",1998,647,188.704833333333,4.89673765332558
"Dumetella_carolinensis",1999,534,194.747833333333,4.03773400001346
"Dumetella_carolinensis",1999,567,193.794,4.59837886448731
"Dumetella_carolinensis",1999,591,185.673833333333,2.00975665836933
"Dumetella_carolinensis",1999,615,197.402666666667,4.31141402991854
"Dumetella_carolinensis",1999,619,192.075,3.03670522053635
"Dumetella_carolinensis",1999,646,183.293166666667,3.45435117823391
"Dumetella_carolinensis",1999,647,189.092166666667,4.06506573527755
"Dumetella_carolinensis",2000,534,193.7865,2.68783465994343
"Dumetella_carolinensis",2000,567,195.816333333333,3.65187019414364
"Dumetella_carolinensis",2000,591,184.791333333333,1.64638289946907
"Dumetella_carolinensis",2000,615,197.641333333333,2.33322356642565
"Dumetella_carolinensis",2000,619,190.7955,2.89051418644567
"Dumetella_carolinensis",2000,646,189.262166666667,3.79189904778863
"Dumetella_carolinensis",2000,647,179.8495,7.44849625311974
"Dumetella_carolinensis",2001,534,191.275,3.66387031124323
"Dumetella_carolinensis",2001,567,200.318666666667,4.12968448405911
"Dumetella_carolinensis",2001,591,186.096333333333,1.81959841135858
"Dumetella_carolinensis",2001,615,187.051666666667,3.72629996656143
"Dumetella_carolinensis",2001,616,175.7615,6.66365904054483
"Dumetella_carolinensis",2001,619,190.219833333333,2.14661158474735
"Dumetella_carolinensis",2001,620,193.1855,2.98567280921525
"Dumetella_carolinensis",2001,646,193.155833333333,4.61971567678986
"Dumetella_carolinensis",2001,647,186.740333333333,4.81110843253546
"Dumetella_carolinensis",2001,675,189.239333333333,3.93183113891052
"Dumetella_carolinensis",2002,567,203.818,9.90078516707071
"Dumetella_carolinensis",2002,591,195.153833333333,1.31913809983765
"Dumetella_carolinensis",2002,593,202.960833333333,7.30423561699285
"Dumetella_carolinensis",2002,615,199.946166666667,1.76874438939267
"Dumetella_carolinensis",2002,619,191.651166666667,2.78216439341883
"Dumetella_carolinensis",2002,620,192.374833333333,4.54192743480409
"Dumetella_carolinensis",2002,646,195.031666666667,3.00513488796061
"Dumetella_carolinensis",2002,647,191.626166666667,3.78569287590097
"Dumetella_carolinensis",2003,562,193.1145,5.49382260038134
"Dumetella_carolinensis",2003,567,194.147166666667,6.06624336172254
"Dumetella_carolinensis",2003,591,183.455666666667,1.2685829782416
"Dumetella_carolinensis",2003,618,191.173166666667,5.1897979060788
"Dumetella_carolinensis",2003,619,192.977833333333,2.96335489227865
"Dumetella_carolinensis",2003,620,190.964,5.27449909692417
"Dumetella_carolinensis",2004,591,183.344,1.84821535090761
"Dumetella_carolinensis",2004,619,190.875833333333,2.2024738638046
"Dumetella_carolinensis",2004,620,200.5695,5.65996250982302
"Dumetella_carolinensis",2004,646,183.731,4.80619276713067
"Dumetella_carolinensis",2004,675,187.6815,7.67588502726723
"Dumetella_carolinensis",2004,702,186.481833333333,6.02237894414768
"Dumetella_carolinensis",2005,567,193.899666666667,9.59951170596996
"Dumetella_carolinensis",2005,591,185.3205,1.24259288969273
"Dumetella_carolinensis",2005,619,192.466333333333,2.02884678050496
"Dumetella_carolinensis",2005,646,194.173166666667,3.46143181702691
"Dumetella_carolinensis",2005,647,190.005333333333,3.5627358967607
"Dumetella_carolinensis",2005,675,189.907666666667,5.18027802686576
"Dumetella_carolinensis",2006,534,192.238833333333,2.64725517575277
"Dumetella_carolinensis",2006,562,193.916666666667,5.82706741634829
"Dumetella_carolinensis",2006,591,185.668166666667,1.9692721949285
"Dumetella_carolinensis",2006,619,196.642833333333,4.02479380006948
"Dumetella_carolinensis",2006,620,192.022,3.27952870873625
"Dumetella_carolinensis",2006,646,181.381,2.59935218313371
"Dumetella_carolinensis",2007,562,184.516166666667,8.04042992576397
"Dumetella_carolinensis",2007,591,186.407166666667,2.09669135973766
"Dumetella_carolinensis",2007,619,192.785333333333,3.16795268424111
"Dumetella_carolinensis",2007,620,198.566333333333,2.79706461919805
"Dumetella_carolinensis",2007,646,186.720666666667,2.59141379555617
"Dumetella_carolinensis",2007,647,191.540666666667,5.01861972852618
"Dumetella_carolinensis",2008,534,200.681833333333,2.9477762584193
"Dumetella_carolinensis",2008,591,185.955833333333,1.65247423098503
"Dumetella_carolinensis",2008,619,197.929666666667,3.18277785925635
"Dumetella_carolinensis",2008,620,194.155166666667,2.22184144396547
"Dumetella_carolinensis",2008,646,194.131166666667,4.34259196675448
"Dumetella_carolinensis",2009,534,194.581833333333,3.04272569727107
"Dumetella_carolinensis",2009,591,188.469666666667,2.49020348722553
"Dumetella_carolinensis",2009,594,186.390333333333,7.28275220198345
"Dumetella_carolinensis",2009,619,195.0865,2.61804509319804
"Dumetella_carolinensis",2009,646,188.882833333333,3.57718297154211
"Dumetella_carolinensis",2010,534,193.2585,2.14120882039455
"Dumetella_carolinensis",2010,567,193.327333333333,6.63150428111103
"Dumetella_carolinensis",2010,591,192.473333333333,4.25710888415649
"Dumetella_carolinensis",2010,594,189.081333333333,6.14193282108208
"Dumetella_carolinensis",2010,619,192.997666666667,3.74058728291326
"Dumetella_carolinensis",2010,620,187.806666666667,3.3708825793526
"Dumetella_carolinensis",2010,646,186.117833333333,6.74829893839792
"Dumetella_carolinensis",2011,567,185.527333333333,4.69931911616795
"Dumetella_carolinensis",2011,591,192.1565,3.30552499601045
"Dumetella_carolinensis",2011,594,197.399166666667,3.69478567882148
"Dumetella_carolinensis",2011,616,190.6585,5.57976104974296
"Dumetella_carolinensis",2011,619,193.4585,3.44159631288498
"Dumetella_carolinensis",2011,620,190.7385,6.39671301577884
"Dumetella_carolinensis",2011,646,194.874166666667,2.31859769863242
"Dumetella_carolinensis",2012,567,197.358,3.36086078719006
"Dumetella_carolinensis",2012,591,192.110166666667,2.74832473585234
"Dumetella_carolinensis",2012,594,195.093833333333,2.56439557394437
"Dumetella_carolinensis",2012,619,188.258666666667,1.84878191105603
"Dumetella_carolinensis",2012,620,185.309333333333,2.49613394465665
"Dumetella_carolinensis",2012,646,184.840833333333,4.17892448769631
"Dumetella_carolinensis",2013,567,202.038666666667,3.13317852829528
"Dumetella_carolinensis",2013,591,200.501333333333,2.13769966292361
"Dumetella_carolinensis",2013,594,197.105833333333,2.79713006996939
"Dumetella_carolinensis",2013,619,196.464666666667,4.04752788368618
"Dumetella_carolinensis",2013,620,189.5725,2.37164103457208
"Dumetella_carolinensis",2013,646,193.515333333333,5.24789052363394
"Dumetella_carolinensis",2014,591,194.459,3.09374328948878
"Dumetella_carolinensis",2014,594,200.681333333333,2.42750221765604
"Dumetella_carolinensis",2014,619,193.911166666667,3.02926911715014
"Dumetella_carolinensis",2014,620,192.908666666667,2.66780391930283
"Dumetella_carolinensis",2014,646,187.068666666667,4.44438713267117
"Dumetella_carolinensis",2015,567,193.53,4.2457945226449
"Dumetella_carolinensis",2015,591,189.6985,3.39850791662212
"Dumetella_carolinensis",2015,593,187.211333333333,5.30286321546538
"Dumetella_carolinensis",2015,619,198.526833333333,3.77588702947605
"Dumetella_carolinensis",2015,620,194.408833333333,3.12916185496074
"Dumetella_carolinensis",2015,646,174.417666666667,8.83822608119219
"Dumetella_carolinensis",2016,567,195.579166666667,6.17276948806188
"Dumetella_carolinensis",2016,591,199.313666666667,2.80741758343919
"Dumetella_carolinensis",2016,619,204.228,1.76876720427076
"Dumetella_carolinensis",2017,567,194.113333333333,8.14754887359772
"Dumetella_carolinensis",2017,593,193.257833333333,3.50686065460701
"Dumetella_carolinensis",2017,619,194.529166666667,2.39195238489206
"Empidonax_alnorum",1995,508,212.539666666667,2.71237645861173
"Empidonax_minimus",1998,508,197.267833333333,7.9708231052833
"Empidonax_virescens",1994,646,194.798833333333,9.58404964720875
"Empidonax_virescens",1995,646,196.488833333333,5.3884179323364
"Empidonax_virescens",1995,676,206.753166666667,3.06482280543161
"Empidonax_virescens",1995,699,188.971166666667,8.02747835294538
"Empidonax_virescens",1996,646,204.491833333333,7.90040100426725
"Empidonax_virescens",1997,646,208.5095,8.22464896262609
"Empidonax_virescens",1997,676,197.7575,4.78798996357712
"Empidonax_virescens",1997,699,187.494666666667,8.37713162591679
"Empidonax_virescens",1998,646,201.963666666667,8.5434484630522
"Empidonax_virescens",1998,699,194.1535,8.03847252841598
"Empidonax_virescens",1999,646,203.362,4.05717875498582
"Empidonax_virescens",1999,676,202.800166666667,8.72877990168066
"Empidonax_virescens",1999,699,188.745666666667,8.61136887112194
"Empidonax_virescens",2000,646,203.8265,3.36872218081603
"Empidonax_virescens",2001,646,197.682666666667,6.43696657171138
"Empidonax_virescens",2001,676,199.5625,9.20569848322733
"Empidonax_virescens",2002,646,204.618833333333,4.79416756549003
"Empidonax_virescens",2003,699,192.048333333333,7.19652431496795
"Empidonax_virescens",2004,646,196.021166666667,4.1292727916491
"Empidonax_virescens",2004,699,173.564833333333,7.19655670282335
"Empidonax_virescens",2005,699,201.4065,3.68191759407082
"Empidonax_virescens",2006,646,205.498,5.1394615487262
"Empidonax_virescens",2006,703,183.2345,4.09230589984787
"Empidonax_virescens",2006,726,197.475666666667,8.54105181754062
"Empidonax_virescens",2007,676,198.073166666667,9.09842166816297
"Empidonax_virescens",2007,726,179.52,7.64750595888829
"Empidonax_virescens",2008,676,201.192166666667,7.04117662991145
"Empidonax_virescens",2008,726,181.5405,8.46646167212378
"Empidonax_virescens",2009,676,197.391666666667,6.22337413464959
"Empidonax_virescens",2011,646,201.503166666667,5.57636434236221
"Empidonax_virescens",2011,676,200.5365,8.20003299831951
"Empidonax_virescens",2012,646,203.777,4.53306692898202
"Empidonax_virescens",2013,646,202.1525,4.25330367855745
"Empidonax_virescens",2014,646,202.303166666667,6.39742743753497
"Empidonax_virescens",2015,676,192.296833333333,8.226603357767
"Geothlypis_formosa",1989,645,174.194333333333,6.74708493213198
"Geothlypis_formosa",1990,645,178.954333333333,6.70830938399192
"Geothlypis_formosa",1993,645,181.315666666667,6.04773652493791
"Geothlypis_formosa",1993,676,196.165333333333,3.53049698442704
"Geothlypis_formosa",1993,699,191.271833333333,8.99744958244948
"Geothlypis_formosa",1994,616,196.744333333333,5.96304403845801
"Geothlypis_formosa",1994,646,190.829333333333,1.68602491150712
"Geothlypis_formosa",1995,645,190.091666666667,9.51794948764161
"Geothlypis_formosa",1995,646,193.788166666667,2.16896535411244
"Geothlypis_formosa",1995,676,191.374166666667,2.65876114146359
"Geothlypis_formosa",1996,644,199.826333333333,4.56322003104506
"Geothlypis_formosa",1996,646,196.902,1.89050037431299
"Geothlypis_formosa",1997,646,200.354833333333,1.64267354282085
"Geothlypis_formosa",1997,676,195.683833333333,4.73764493380505
"Geothlypis_formosa",1998,646,194.97,2.44221772259711
"Geothlypis_formosa",1998,676,193.503833333333,9.4927869532387
"Geothlypis_formosa",1999,644,188.524333333333,6.19890949834864
"Geothlypis_formosa",1999,646,188.646166666667,1.6572345569105
"Geothlypis_formosa",1999,676,194.627833333333,9.53004698859471
"Geothlypis_formosa",2000,616,191.775333333333,5.51028602683852
"Geothlypis_formosa",2000,643,199.822333333333,9.52231836162036
"Geothlypis_formosa",2000,644,192.6405,7.03414336969975
"Geothlypis_formosa",2000,646,187.460166666667,2.52536655126708
"Geothlypis_formosa",2000,676,168.030666666667,9.03125979572093
"Geothlypis_formosa",2001,643,195.092666666667,9.0898029117826
"Geothlypis_formosa",2001,644,191.816833333333,3.66885904971514
"Geothlypis_formosa",2001,646,185.874166666667,1.90497702395572
"Geothlypis_formosa",2001,674,175.423666666667,5.9270589862871
"Geothlypis_formosa",2002,644,180.9825,4.37813374538917
"Geothlypis_formosa",2002,646,189.42,1.44173960970201
"Geothlypis_formosa",2003,643,200.215166666667,8.40237882788063
"Geothlypis_formosa",2003,699,186.846166666667,3.66311411775948
"Geothlypis_formosa",2003,701,175.481166666667,9.94701642846706
"Geothlypis_formosa",2004,643,182.319166666667,6.32442084479356
"Geothlypis_formosa",2004,644,192.314166666667,4.45841289546852
"Geothlypis_formosa",2004,646,191.821166666667,1.70303709925801
"Geothlypis_formosa",2004,673,178.961833333333,5.36502630221196
"Geothlypis_formosa",2004,699,183.972833333333,5.33783764496538
"Geothlypis_formosa",2004,701,178.973833333333,5.86516967712323
"Geothlypis_formosa",2005,644,195.504833333333,4.63345315291331
"Geothlypis_formosa",2005,646,194.548,2.82418578311631
"Geothlypis_formosa",2005,673,188.087833333333,8.04669146375128
"Geothlypis_formosa",2005,699,178.194833333333,6.52520520924254
"Geothlypis_formosa",2006,643,196.456833333333,7.39501528152971
"Geothlypis_formosa",2006,644,193.772,2.34370038370553
"Geothlypis_formosa",2006,646,192.68,2.20531416547123
"Geothlypis_formosa",2006,701,170.742833333333,3.64530474446269
"Geothlypis_formosa",2007,644,190.723,2.83536197799465
"Geothlypis_formosa",2007,646,185.012,2.93245446935995
"Geothlypis_formosa",2008,643,187.391333333333,9.47872174486316
"Geothlypis_formosa",2008,644,192.6895,4.15900300164129
"Geothlypis_formosa",2008,646,195.247,3.23043809542628
"Geothlypis_formosa",2009,644,200.438333333333,3.50027225701103
"Geothlypis_formosa",2010,644,187.799166666667,4.47718365729384
"Geothlypis_formosa",2011,646,195.865,1.63438679735466
"Geothlypis_formosa",2012,646,189.091666666667,1.89803345001744
"Geothlypis_formosa",2013,646,192.4355,2.22321018512748
"Geothlypis_formosa",2013,673,185.352166666667,7.88960410589235
"Geothlypis_formosa",2014,646,189.964333333333,1.95047736444537
"Geothlypis_formosa",2014,673,176.9155,8.1661174370484
"Geothlypis_philadelphia",1996,508,206.9355,8.34677290052722
"Geothlypis_trichas",1990,591,192.197333333333,3.48947306804399
"Geothlypis_trichas",1990,621,198.786333333333,9.82327657569863
"Geothlypis_trichas",1990,649,189.161833333333,8.19332035188545
"Geothlypis_trichas",1990,736,203.364833333333,3.75198741208962
"Geothlypis_trichas",1991,591,187.9785,3.17406944937855
"Geothlypis_trichas",1991,594,172.734833333333,9.40189267664794
"Geothlypis_trichas",1991,595,176.757166666667,5.21194711258083
"Geothlypis_trichas",1991,622,194.382333333333,6.86228847077015
"Geothlypis_trichas",1991,649,191.781666666667,6.40932995514881
"Geothlypis_trichas",1991,736,197.7755,7.19375132271164
"Geothlypis_trichas",1992,591,198.891333333333,4.02325191624294
"Geothlypis_trichas",1992,594,199.023666666667,2.33545476236358
"Geothlypis_trichas",1992,595,198.372333333333,4.84977194689383
"Geothlypis_trichas",1992,621,197.925666666667,4.67337650564872
"Geothlypis_trichas",1992,738,199.635666666667,4.51656149928811
"Geothlypis_trichas",1993,591,196.373833333333,4.58692946961422
"Geothlypis_trichas",1993,594,199.474333333333,3.9269043768877
"Geothlypis_trichas",1993,595,194.754333333333,3.57385552255612
"Geothlypis_trichas",1993,622,182.9945,2.60184511766862
"Geothlypis_trichas",1993,649,195.321333333333,7.33035018907951
"Geothlypis_trichas",1994,591,191.355166666667,2.35965067275613
"Geothlypis_trichas",1994,594,192.036666666667,6.95310816645462
"Geothlypis_trichas",1994,595,197.073666666667,3.8977906585088
"Geothlypis_trichas",1994,619,201.2025,9.51333683202762
"Geothlypis_trichas",1994,622,200.8545,5.13758005986073
"Geothlypis_trichas",1994,646,183.313333333333,7.46153031408394
"Geothlypis_trichas",1994,649,195.526,4.84285379421528
"Geothlypis_trichas",1995,591,192.567666666667,3.28373035378896
"Geothlypis_trichas",1995,594,196.241666666667,3.00473547833605
"Geothlypis_trichas",1995,595,185.408666666667,3.78096647787397
"Geothlypis_trichas",1995,619,187.214833333333,5.45771421136704
"Geothlypis_trichas",1995,621,192.4785,7.29504905444675
"Geothlypis_trichas",1995,622,209.4195,2.84514830805282
"Geothlypis_trichas",1995,646,195.813833333333,7.40844042092985
"Geothlypis_trichas",1995,649,202.279166666667,4.13135296464027
"Geothlypis_trichas",1995,738,197.024333333333,7.02257981989359
"Geothlypis_trichas",1996,591,189.362,2.72712220712398
"Geothlypis_trichas",1996,594,198.4835,2.76091739478206
"Geothlypis_trichas",1996,615,201.941833333333,6.43829883749393
"Geothlypis_trichas",1996,621,198.8925,7.04409068786997
"Geothlypis_trichas",1996,622,196.870333333333,5.24681885274952
"Geothlypis_trichas",1996,646,191.926,4.65207455152417
"Geothlypis_trichas",1996,649,203.305,4.07644590730772
"Geothlypis_trichas",1997,567,203.6695,5.92658899870124
"Geothlypis_trichas",1997,568,203.127,2.5196419916252
"Geothlypis_trichas",1997,591,199.563666666667,5.03184854755418
"Geothlypis_trichas",1997,594,193.9825,8.60683100837165
"Geothlypis_trichas",1997,595,195.0045,9.96858608503512
"Geothlypis_trichas",1997,619,201.043333333333,4.0389570953352
"Geothlypis_trichas",1997,621,196.593833333333,7.44466917702961
"Geothlypis_trichas",1997,622,199.862,3.07042786180402
"Geothlypis_trichas",1997,646,191.0555,3.40318723609119
"Geothlypis_trichas",1997,647,190.929166666667,8.18740831488866
"Geothlypis_trichas",1997,649,201.102,5.90356429161436
"Geothlypis_trichas",1998,562,185.196666666667,5.80771990463016
"Geothlypis_trichas",1998,568,203.808,4.16405562241161
"Geothlypis_trichas",1998,591,190.108333333333,2.98352377643891
"Geothlypis_trichas",1998,595,200.670333333333,4.98228097791022
"Geothlypis_trichas",1998,621,198.76,9.25523328846284
"Geothlypis_trichas",1998,622,198.368,8.10694330527599
"Geothlypis_trichas",1998,646,191.951333333333,6.09542100665986
"Geothlypis_trichas",1999,534,197.058666666667,1.5406558643332
"Geothlypis_trichas",1999,568,203.913166666667,4.60222664086612
"Geothlypis_trichas",1999,591,186.333833333333,7.13418096643891
"Geothlypis_trichas",1999,595,198.494833333333,3.22237550929063
"Geothlypis_trichas",1999,619,189.719666666667,3.53678262843256
"Geothlypis_trichas",1999,621,192.282666666667,4.66569691223455
"Geothlypis_trichas",1999,622,204.103166666667,4.25971996433858
"Geothlypis_trichas",1999,646,182.934666666667,4.1394750993218
"Geothlypis_trichas",1999,649,198.190333333333,9.36093181239391
"Geothlypis_trichas",1999,736,202.799833333333,4.24076612439024
"Geothlypis_trichas",2000,534,196.868666666667,2.47253657776994
"Geothlypis_trichas",2000,567,200.744166666667,4.97220639605428
"Geothlypis_trichas",2000,591,192.418833333333,3.41267534803133
"Geothlypis_trichas",2000,595,197.260666666667,4.34337008548724
"Geothlypis_trichas",2000,616,187.443666666667,9.59353076440804
"Geothlypis_trichas",2000,619,186.3105,5.81865384249282
"Geothlypis_trichas",2000,621,193.740833333333,5.24225582930849
"Geothlypis_trichas",2000,622,195.337166666667,5.22698500102328
"Geothlypis_trichas",2000,646,184.634333333333,5.01934459787872
"Geothlypis_trichas",2000,649,198.239166666667,4.29833827475335
"Geothlypis_trichas",2000,736,205.886333333333,9.02599900280048
"Geothlypis_trichas",2000,738,197.823,4.51568410105085
"Geothlypis_trichas",2001,534,196.3795,4.04819437893261
"Geothlypis_trichas",2001,567,199.207,7.48069589912524
"Geothlypis_trichas",2001,568,203.698166666667,5.97715241822788
"Geothlypis_trichas",2001,591,194.473333333333,3.58391261433089
"Geothlypis_trichas",2001,619,191.052333333333,4.283727303275
"Geothlypis_trichas",2001,621,197.266333333333,6.29295903724655
"Geothlypis_trichas",2001,622,201.105833333333,3.52051582075169
"Geothlypis_trichas",2001,646,187.116166666667,5.10653353587484
"Geothlypis_trichas",2001,649,191.715166666667,4.61124501289876
"Geothlypis_trichas",2002,534,202.349,2.42628250782989
"Geothlypis_trichas",2002,591,195.3775,3.3624710336163
"Geothlypis_trichas",2002,593,201.703,3.91969620460431
"Geothlypis_trichas",2002,619,196.880166666667,5.65884061020726
"Geothlypis_trichas",2002,621,188.524333333333,6.97697553290966
"Geothlypis_trichas",2002,622,202.562666666667,5.27633517140724
"Geothlypis_trichas",2002,646,197.513666666667,6.83814838006363
"Geothlypis_trichas",2002,736,189.358166666667,6.62791104645314
"Geothlypis_trichas",2003,534,197.554833333333,2.47197864445171
"Geothlypis_trichas",2003,567,197.561166666667,5.33635375677611
"Geothlypis_trichas",2003,591,194.266666666667,4.38513707046238
"Geothlypis_trichas",2003,595,206.394333333333,4.98119496434015
"Geothlypis_trichas",2003,618,196.016,4.95881460704584
"Geothlypis_trichas",2003,619,188.251333333333,2.35536752579843
"Geothlypis_trichas",2003,621,206.264333333333,2.36193233242319
"Geothlypis_trichas",2003,622,198.150333333333,5.5168353670953
"Geothlypis_trichas",2003,644,189.196,8.69232478023079
"Geothlypis_trichas",2003,646,182.614666666667,6.74821763844139
"Geothlypis_trichas",2003,736,200.738833333333,3.64552332031155
"Geothlypis_trichas",2004,567,195.846333333333,5.44214933524615
"Geothlypis_trichas",2004,595,193.632333333333,3.67895959199094
"Geothlypis_trichas",2004,619,179.546333333333,4.03380281493124
"Geothlypis_trichas",2004,620,185.388,8.66738964590141
"Geothlypis_trichas",2004,621,190.6475,3.73544767663674
"Geothlypis_trichas",2004,622,186.901166666667,2.9078871952351
"Geothlypis_trichas",2004,646,197.019666666667,4.5157146169762
"Geothlypis_trichas",2005,591,194.722166666667,4.66496898469435
"Geothlypis_trichas",2005,595,193.9045,5.09166317840452
"Geothlypis_trichas",2005,621,196.8795,5.90520603589644
"Geothlypis_trichas",2005,622,200.557333333333,2.63714592795503
"Geothlypis_trichas",2005,646,195.876166666667,5.9434321764921
"Geothlypis_trichas",2005,647,191.726833333333,7.83348201923299
"Geothlypis_trichas",2006,534,200.934166666667,3.28039013921614
"Geothlypis_trichas",2006,564,190.037,8.74385728230752
"Geothlypis_trichas",2006,591,195.9185,4.18757452232952
"Geothlypis_trichas",2006,595,197.683333333333,6.58092751745937
"Geothlypis_trichas",2006,620,200.236,3.85959238895787
"Geothlypis_trichas",2006,621,194.027833333333,3.46098083934077
"Geothlypis_trichas",2006,622,198.173833333333,4.67699273205816
"Geothlypis_trichas",2006,644,183.369,7.81537068878804
"Geothlypis_trichas",2006,646,188.676666666667,4.41780960761972
"Geothlypis_trichas",2007,534,197.244333333333,2.62782269776914
"Geothlypis_trichas",2007,591,196.621,5.53143668486164
"Geothlypis_trichas",2007,595,190.824,7.85247100494364
"Geothlypis_trichas",2007,619,192.295,4.77704005481228
"Geothlypis_trichas",2007,620,193.946333333333,5.1016132381657
"Geothlypis_trichas",2007,621,196.397,4.45208129283069
"Geothlypis_trichas",2007,622,195.896166666667,4.51203336051459
"Geothlypis_trichas",2007,646,197.337833333333,9.24189396568155
"Geothlypis_trichas",2008,534,203.637833333333,1.21391140631128
"Geothlypis_trichas",2008,591,202.874166666667,3.87717741701478
"Geothlypis_trichas",2008,595,199.261166666667,4.72430013944113
"Geothlypis_trichas",2008,620,197.459,4.78425896619765
"Geothlypis_trichas",2008,621,202.26,5.53927016122038
"Geothlypis_trichas",2008,622,194.589166666667,5.39415413097244
"Geothlypis_trichas",2008,646,192.119666666667,8.76959696113219
"Geothlypis_trichas",2009,534,200.080666666667,2.39717555274132
"Geothlypis_trichas",2009,591,197.775166666667,2.79784225653228
"Geothlypis_trichas",2009,594,198.286333333333,4.89768766320359
"Geothlypis_trichas",2009,620,205.401666666667,4.75399102095563
"Geothlypis_trichas",2009,622,201.285666666667,4.08140141721896
"Geothlypis_trichas",2010,534,198.1395,1.31706575147141
"Geothlypis_trichas",2010,591,188.094166666667,5.43582781272155
"Geothlypis_trichas",2010,619,195.586333333333,5.75094706295485
"Geothlypis_trichas",2010,620,186.563,6.60681259474721
"Geothlypis_trichas",2010,622,199.675666666667,6.8430216800164
"Geothlypis_trichas",2010,644,191.331833333333,7.77293100327149
"Geothlypis_trichas",2010,646,180.776833333333,9.35793558779391
"Geothlypis_trichas",2011,567,193.9615,3.65662589037358
"Geothlypis_trichas",2011,591,196.2025,5.91114630945487
"Geothlypis_trichas",2011,619,189.900666666667,8.83288191113362
"Geothlypis_trichas",2011,620,196.014833333333,4.37879080801755
"Geothlypis_trichas",2011,621,201.139666666667,3.72359200393798
"Geothlypis_trichas",2011,622,196.134666666667,6.16553867882514
"Geothlypis_trichas",2011,646,195.517833333333,5.44652421977249
"Geothlypis_trichas",2011,649,167.854833333333,5.3447657627875
"Geothlypis_trichas",2012,567,201.3055,3.38034626532237
"Geothlypis_trichas",2012,591,193.159666666667,4.1766510457401
"Geothlypis_trichas",2012,621,198.461666666667,3.75684480240628
"Geothlypis_trichas",2012,622,194.630333333333,8.4396021452209
"Geothlypis_trichas",2012,646,181.2855,5.55560982702094
"Geothlypis_trichas",2013,567,201.974,4.13112192526359
"Geothlypis_trichas",2013,591,196.423333333333,5.86090271081624
"Geothlypis_trichas",2013,619,204.056833333333,4.94793057500319
"Geothlypis_trichas",2013,620,198.418833333333,2.53932143123133
"Geothlypis_trichas",2013,621,196.689,4.15834433854866
"Geothlypis_trichas",2013,622,188.216,6.72144877579288
"Geothlypis_trichas",2013,646,190.359166666667,7.0101371581483
"Geothlypis_trichas",2014,591,193.2315,3.97838480721499
"Geothlypis_trichas",2014,594,199.329833333333,8.25843469406612
"Geothlypis_trichas",2014,619,205.014666666667,4.09702117226283
"Geothlypis_trichas",2014,621,198.500166666667,3.22935567803209
"Geothlypis_trichas",2014,622,196.935666666667,2.88095664795975
"Geothlypis_trichas",2014,646,194.034666666667,5.55916201142466
"Geothlypis_trichas",2014,649,193.527666666667,8.58575489323663
"Geothlypis_trichas",2015,567,189.861666666667,4.51736630371531
"Geothlypis_trichas",2015,591,176.446666666667,8.45265619721716
"Geothlypis_trichas",2015,593,196.9085,6.30664385465452
"Geothlypis_trichas",2015,594,190.651666666667,7.26602571863369
"Geothlypis_trichas",2015,619,195.7825,7.14294738649444
"Geothlypis_trichas",2015,620,182.9955,6.51476938348703
"Geothlypis_trichas",2015,621,195.3685,3.44553136169068
"Geothlypis_trichas",2015,622,193.367666666667,5.67663561635549
"Geothlypis_trichas",2015,646,189.256,7.13934817627378
"Geothlypis_trichas",2016,567,200.381,4.93398720153902
"Geothlypis_trichas",2016,591,191.289,5.65671978680735
"Geothlypis_trichas",2016,593,190.218833333333,6.37322903351259
"Geothlypis_trichas",2016,619,198.354,6.53297767480878
"Geothlypis_trichas",2016,621,196.564333333333,3.38118814833454
"Geothlypis_trichas",2017,567,197.343666666667,3.92714446294349
"Geothlypis_trichas",2017,593,198.857166666667,5.01733271537959
"Geothlypis_trichas",2017,619,197.498666666667,9.95219436025642
"Icteria_virens",1994,644,181.041166666667,7.7892822171536
"Icteria_virens",1996,644,184.7875,7.54646729347151
"Icteria_virens",1996,646,200.0415,9.36378081484849
"Icteria_virens",1996,699,183.509166666667,8.11043849046648
"Icteria_virens",1997,646,188.797166666667,9.96779404508556
"Icteria_virens",2000,676,186.932166666667,6.7255064774671
"Icteria_virens",2001,644,175.200666666667,4.61450053181077
"Icteria_virens",2001,674,189.952166666667,2.73620048688072
"Icteria_virens",2001,676,187.737666666667,5.02749710857716
"Icteria_virens",2002,644,181.971166666667,7.11473390544672
"Icteria_virens",2002,646,197.8505,4.64597466596258
"Icteria_virens",2002,701,175.520666666667,6.80345162751209
"Icteria_virens",2003,644,198.039833333333,5.72425026931445
"Icteria_virens",2003,699,187.646666666667,4.29374291967575
"Icteria_virens",2003,701,190.634,4.84134455527083
"Icteria_virens",2004,644,193.903166666667,4.04205141838073
"Icteria_virens",2004,646,197.0825,4.43801491803886
"Icteria_virens",2005,699,183.946,5.26836881317724
"Icteria_virens",2006,644,187.403333333333,5.99391163751535
"Icteria_virens",2008,644,196.267833333333,5.80227337931294
"Icteria_virens",2008,676,194.306833333333,8.71793287986542
"Icteria_virens",2009,644,190.7945,8.89998902906363
"Icteria_virens",2012,646,198.9155,4.52508996115283
"Icteria_virens",2012,702,184.407,7.58003477264621
"Icteria_virens",2013,646,194.6615,9.07178596713122
"Icterus_galbula",1991,591,175.309666666667,5.8193428048766
"Icterus_galbula",1992,591,182.700333333333,3.30570534634618
"Icterus_galbula",1994,595,194.713166666667,9.98977106310272
"Icterus_galbula",1999,619,183.291833333333,4.86006893132444
"Icterus_galbula",2001,591,179.071,7.22144841562526
"Icterus_galbula",2004,622,174.854166666667,8.86052956296885
"Icterus_galbula",2005,619,186.266166666667,7.13204970498579
"Icterus_galbula",2012,619,188.597833333333,5.38141139203437
"Limnothlypis_swainsonii",2005,726,195.837,6.28264882667971
"Limnothlypis_swainsonii",2008,726,183.676666666667,6.5916890058275
"Limnothlypis_swainsonii",2009,726,190.696,7.18884765372249
"Limnothlypis_swainsonii",2010,726,196.714666666667,4.90131839840697
"Limnothlypis_swainsonii",2011,726,199.352333333333,6.72884889537567
"Limnothlypis_swainsonii",2012,726,196.105166666667,7.31147611083941
"Limnothlypis_swainsonii",2013,726,184.684666666667,6.86588826196775
"Melospiza_georgiana",2001,567,197.9385,5.84588859674737
"Melospiza_georgiana",2002,567,200.614,6.44188794687189
"Melospiza_georgiana",2003,567,192.227666666667,4.51640353294163
"Melospiza_georgiana",2004,567,186.362666666667,5.70910721623121
"Melospiza_lincolnii",1997,508,198.376166666667,4.94685865379694
"Mniotilta_varia",1991,595,132.559166666667,9.59862081546869
"Mniotilta_varia",1993,676,176.239333333333,6.96697993086783
"Mniotilta_varia",1994,622,188.814333333333,3.32511212101564
"Mniotilta_varia",1994,676,183.367333333333,4.75631194373399
"Mniotilta_varia",1995,676,182.642166666667,4.65854830581464
"Mniotilta_varia",1996,622,160.7305,9.725823102571
"Mniotilta_varia",1997,622,198.933166666667,6.29613427880142
"Mniotilta_varia",1998,568,201.352166666667,4.97874916983221
"Mniotilta_varia",1999,568,194.652,3.76823512173211
"Mniotilta_varia",1999,676,174.142,4.55700527205184
"Mniotilta_varia",2000,676,180.963333333333,6.49623139925149
"Mniotilta_varia",2001,568,191.561333333333,4.53839226925356
"Mniotilta_varia",2001,622,184.619166666667,8.57434463209097
"Mniotilta_varia",2001,676,177.789166666667,2.48698213750071
"Mniotilta_varia",2002,568,202.5925,7.41929588361107
"Mniotilta_varia",2002,676,184.073333333333,8.05169302169683
"Mniotilta_varia",2003,676,181.893166666667,6.45791793766152
"Mniotilta_varia",2006,622,179.697333333333,8.44244862063179
"Mniotilta_varia",2007,644,169.701833333333,7.06462417905964
"Mniotilta_varia",2008,676,147.543166666667,7.12829610821945
"Oreothlypis_ruficapilla",1992,738,194.720333333333,5.78509848227586
"Oreothlypis_ruficapilla",1996,508,207.691666666667,3.82383326506645
"Oreothlypis_ruficapilla",1997,508,204.122333333333,6.15220904783398
"Oreothlypis_ruficapilla",2009,535,198.988666666667,3.39840105694519
"Oreothlypis_ruficapilla",2010,535,185.69,6.6664063404193
"Oreothlypis_ruficapilla",2014,535,197.987333333333,2.07522464208289
"Oreothlypis_ruficapilla",2015,535,195.9545,2.45928941649257
"Parkesia_motacilla",1991,622,170.239333333333,4.79745302024617
"Parkesia_motacilla",1992,622,176.3605,7.80747713412384
"Parkesia_motacilla",1993,622,167.707833333333,8.70615327357761
"Parkesia_motacilla",1994,622,160.892333333333,7.56447474064828
"Parkesia_motacilla",1995,622,178.119,2.65468395315686
"Parkesia_motacilla",1995,646,175.272666666667,5.51126560452765
"Parkesia_motacilla",1996,622,165.396,7.10440680840771
"Parkesia_motacilla",1996,646,175.500333333333,6.16116817016809
"Parkesia_motacilla",1997,622,171.212166666667,3.71076545593139
"Parkesia_motacilla",1997,646,171.943333333333,4.98466950197264
"Parkesia_motacilla",1998,622,171.888,3.03984584759318
"Parkesia_motacilla",1998,646,164.651166666667,9.27835276026297
"Parkesia_motacilla",1998,676,172.911333333333,7.10034323357409
"Parkesia_motacilla",1999,622,165.731333333333,5.14618616979972
"Parkesia_motacilla",1999,676,166.007166666667,5.33730860228963
"Parkesia_motacilla",2000,622,175.579166666667,3.71896550440568
"Parkesia_motacilla",2001,644,168.0795,7.08104535248014
"Parkesia_motacilla",2001,646,168.3905,4.28999733055659
"Parkesia_motacilla",2001,676,147.119833333333,5.92955871741898
"Parkesia_motacilla",2002,622,181.581,9.63221516205668
"Parkesia_motacilla",2002,646,161.664833333333,5.10641843406507
"Parkesia_motacilla",2003,622,179.413333333333,8.16867656161941
"Parkesia_motacilla",2003,644,167.558,4.22191979646637
"Parkesia_motacilla",2004,622,179.286666666667,7.1922952113557
"Parkesia_motacilla",2004,646,163.6245,8.05162330566386
"Parkesia_motacilla",2005,646,157.325166666667,6.07603925385537
"Parkesia_motacilla",2005,676,147.018333333333,4.56666978965163
"Parkesia_motacilla",2006,646,169.788,5.7373230237844
"Parkesia_motacilla",2008,622,183.848833333333,7.06896812535477
"Parkesia_motacilla",2008,646,163.048666666667,8.25313984342331
"Parkesia_motacilla",2009,644,165.413666666667,9.59869274290086
"Parkesia_motacilla",2011,646,169.895333333333,4.23501681816384
"Parkesia_motacilla",2012,646,163.662833333333,2.93858092427796
"Parkesia_motacilla",2014,646,162.426,3.28689183621708
"Parkesia_motacilla",2014,676,168.742166666667,8.65880194449986
"Passerina_cyanea",1990,591,191.559166666667,8.38988861730143
"Passerina_cyanea",1993,591,198.448333333333,9.69245348185752
"Passerina_cyanea",1993,676,192.981833333333,3.19356693743107
"Passerina_cyanea",1994,619,176.059333333333,4.51300425697334
"Passerina_cyanea",1994,676,192.450166666667,2.88708142918623
"Passerina_cyanea",1995,619,192.983333333333,9.35660087240748
"Passerina_cyanea",1996,591,197.236333333333,9.24090790734588
"Passerina_cyanea",1997,646,198.2815,7.4237530783489
"Passerina_cyanea",1998,676,184.188666666667,9.8346085234589
"Passerina_cyanea",1999,646,182.0495,7.45633841643672
"Passerina_cyanea",1999,676,195.338833333333,8.46811530399115
"Passerina_cyanea",2000,674,184.318833333333,9.42137493627322
"Passerina_cyanea",2000,701,187.625833333333,8.69908682894351
"Passerina_cyanea",2001,619,196.807666666667,8.94147636330161
"Passerina_cyanea",2001,674,179.548166666667,4.13672963352683
"Passerina_cyanea",2001,676,194.503666666667,3.83611424720926
"Passerina_cyanea",2002,644,186.808833333333,7.62371139722206
"Passerina_cyanea",2002,646,200.763,8.36912010679102
"Passerina_cyanea",2003,699,184.496666666667,6.44048928311531
"Passerina_cyanea",2004,644,209.141833333333,2.70830927494326
"Passerina_cyanea",2004,701,199.751166666667,8.27764067804074
"Passerina_cyanea",2005,726,192.646,9.5666575923664
"Passerina_cyanea",2006,699,186.738333333333,7.06225953977833
"Passerina_cyanea",2006,726,183.554333333333,6.58973585651696
"Passerina_cyanea",2007,619,186.742666666667,8.43055703601756
"Passerina_cyanea",2007,646,201.977833333333,9.48134965625181
"Passerina_cyanea",2008,646,187.576333333333,5.88279478093771
"Passerina_cyanea",2008,673,203.969833333333,9.09930709104518
"Passerina_cyanea",2008,729,191.566,4.70853895136373
"Passerina_cyanea",2009,619,190.975,7.5356158286933
"Passerina_cyanea",2010,702,188.250333333333,4.87971670913546
"Passerina_cyanea",2010,729,191.417,9.74634681368881
"Passerina_cyanea",2011,702,193.323666666667,8.6653383028904
"Passerina_cyanea",2012,702,187.273833333333,4.74344446049287
"Passerina_cyanea",2015,619,198.866166666667,7.50968183030553
"Passerina_cyanea",2016,729,198.6115,7.30076146277378
"Pheucticus_ludovicianus",1993,595,181.522833333333,9.88232877628359
"Pheucticus_ludovicianus",1999,621,153.558833333333,8.25024543456197
"Pheucticus_ludovicianus",2002,591,188.339166666667,5.94654181286437
"Pheucticus_ludovicianus",2005,591,183.107,3.9280770484063
"Pheucticus_ludovicianus",2007,591,182.405333333333,3.58610953343869
"Pheucticus_ludovicianus",2009,591,185.193166666667,4.99269544503334
"Pheucticus_ludovicianus",2012,591,198.792333333333,8.75838604480912
"Pheucticus_ludovicianus",2014,593,167.826666666667,5.37209755380306
"Pipilo_erythrophthalmus",2002,736,188.019,8.6221823999625
"Pipilo_erythrophthalmus",2003,622,153.235166666667,8.85456175366858
"Pipilo_erythrophthalmus",2006,622,197.199,5.59654231476723
"Piranga_olivacea",1994,622,195.722333333333,5.53281151158788
"Piranga_rubra",2003,699,199.390333333333,6.34859753572924
"Polioptila_caerulea",2001,646,180.664833333333,6.82819649322674
"Polioptila_caerulea",2002,646,175.0355,8.51621947124116
"Polioptila_caerulea",2004,644,186.980833333333,2.79864932516201
"Polioptila_caerulea",2004,646,181.412166666667,8.77099996459651
"Polioptila_caerulea",2008,642,146.729833333333,8.31069719820238
"Protonotaria_citrea",2004,699,122.271833333333,1.28590392216464
"Protonotaria_citrea",2005,699,116.019666666667,0.79752903666028
"Quiscalus_quiscula",1997,567,171.108666666667,8.93540701210457
"Quiscalus_quiscula",2001,567,114.868833333333,5.15581151429634
"Sayornis_phoebe",1992,594,185.563833333333,5.75885862948044
"Sayornis_phoebe",1993,594,196.483,8.98167520092452
"Sayornis_phoebe",1994,594,180.560166666667,6.54159858578659
"Sayornis_phoebe",1995,595,167.821666666667,7.95992612776958
"Sayornis_phoebe",2001,622,197.410666666667,5.8832350764453
"Sayornis_phoebe",2003,622,159.512333333333,9.42123352658323
"Seiurus_aurocapilla",1989,534,189.426166666667,3.43581859927588
"Seiurus_aurocapilla",1989,595,199.815833333333,5.76287987349163
"Seiurus_aurocapilla",1990,534,190.971666666667,5.59396215792762
"Seiurus_aurocapilla",1991,534,196.507,1.84224047697249
"Seiurus_aurocapilla",1991,595,193.862833333333,8.58539283515386
"Seiurus_aurocapilla",1991,622,194.388166666667,7.31471650066743
"Seiurus_aurocapilla",1991,649,177.140333333333,9.23586433893638
"Seiurus_aurocapilla",1992,564,208.065833333333,9.01506394145564
"Seiurus_aurocapilla",1992,622,202.7555,7.01146060722308
"Seiurus_aurocapilla",1992,676,194.776,5.52599132253054
"Seiurus_aurocapilla",1993,622,184.495166666667,6.26478394614458
"Seiurus_aurocapilla",1993,676,190.2805,6.92474873966687
"Seiurus_aurocapilla",1994,622,185.087333333333,4.21477562998998
"Seiurus_aurocapilla",1994,646,193.016833333333,3.36785397233194
"Seiurus_aurocapilla",1994,676,186.444833333333,2.06551067808483
"Seiurus_aurocapilla",1995,621,191.446833333333,9.05136239279755
"Seiurus_aurocapilla",1995,646,196.127333333333,8.70605644319062
"Seiurus_aurocapilla",1995,649,193.574166666667,4.26456684716684
"Seiurus_aurocapilla",1995,676,189.914,1.67652590889231
"Seiurus_aurocapilla",1996,595,200.207833333333,6.655124873865
"Seiurus_aurocapilla",1996,621,201.311833333333,8.90916132406068
"Seiurus_aurocapilla",1996,622,195.4805,2.94489362848313
"Seiurus_aurocapilla",1996,646,196.190166666667,3.27446540056523
"Seiurus_aurocapilla",1996,676,187.276666666667,1.79731112408741
"Seiurus_aurocapilla",1997,594,197.216166666667,5.4536283624704
"Seiurus_aurocapilla",1997,622,197.038333333333,1.96541116030728
"Seiurus_aurocapilla",1997,646,196.269,4.03402419739944
"Seiurus_aurocapilla",1997,649,203.2805,6.92014940792259
"Seiurus_aurocapilla",1997,676,189.9825,2.31497017932309
"Seiurus_aurocapilla",1998,622,194.844833333333,2.72500659003023
"Seiurus_aurocapilla",1998,649,189.081,6.33320276344235
"Seiurus_aurocapilla",1998,674,184.515,8.40677627361121
"Seiurus_aurocapilla",1998,676,185.293166666667,1.60996437945256
"Seiurus_aurocapilla",1999,564,195.797166666667,8.2246762563728
"Seiurus_aurocapilla",1999,595,202.709,4.94139540663979
"Seiurus_aurocapilla",1999,622,194.097666666667,2.96444360319689
"Seiurus_aurocapilla",1999,646,188.5325,3.69335672489352
"Seiurus_aurocapilla",1999,649,192.7725,5.46617388363692
"Seiurus_aurocapilla",1999,674,193.623666666667,8.38745679337897
"Seiurus_aurocapilla",1999,676,188.8285,3.84784208764539
"Seiurus_aurocapilla",2000,621,198.898666666667,6.02830448507011
"Seiurus_aurocapilla",2000,622,187.090166666667,2.19343835887736
"Seiurus_aurocapilla",2000,646,190.698833333333,2.76509305367616
"Seiurus_aurocapilla",2000,649,191.489,6.96225235296053
"Seiurus_aurocapilla",2000,676,189.666,2.5426078756141
"Seiurus_aurocapilla",2001,621,196.699,8.21072276526584
"Seiurus_aurocapilla",2001,646,183.384333333333,2.82724013306568
"Seiurus_aurocapilla",2001,649,192.7545,4.29347979438483
"Seiurus_aurocapilla",2001,676,189.776333333333,2.37604310125582
"Seiurus_aurocapilla",2002,621,204.399666666667,5.9691041977036
"Seiurus_aurocapilla",2002,622,193.662,5.1510689750055
"Seiurus_aurocapilla",2002,646,181.147,2.23544712991498
"Seiurus_aurocapilla",2002,649,201.584,4.46489266885824
"Seiurus_aurocapilla",2002,675,188.968,8.10003566430176
"Seiurus_aurocapilla",2002,676,185.4445,2.36463915564075
"Seiurus_aurocapilla",2003,621,197.925666666667,8.12759604834929
"Seiurus_aurocapilla",2003,622,193.939166666667,3.41688139760559
"Seiurus_aurocapilla",2003,649,198.040166666667,4.30131416230079
"Seiurus_aurocapilla",2003,676,190.608333333333,5.59834685153876
"Seiurus_aurocapilla",2003,736,201.194,6.44864028253881
"Seiurus_aurocapilla",2004,591,195.1705,9.15285340959799
"Seiurus_aurocapilla",2004,621,202.771,7.94105801517657
"Seiurus_aurocapilla",2004,622,202.4675,2.89384510180582
"Seiurus_aurocapilla",2004,646,183.5375,2.70224797295719
"Seiurus_aurocapilla",2004,649,190.520666666667,9.02135265298413
"Seiurus_aurocapilla",2004,675,189.993,8.86933266055799
"Seiurus_aurocapilla",2004,676,196.724333333333,3.84011271099705
"Seiurus_aurocapilla",2005,622,193.682166666667,3.18190237478713
"Seiurus_aurocapilla",2005,646,182.572166666667,6.35078845954568
"Seiurus_aurocapilla",2005,649,191.3585,9.06410525556792
"Seiurus_aurocapilla",2005,675,191.063666666667,5.63124305743864
"Seiurus_aurocapilla",2005,676,187.324833333333,4.18591729765723
"Seiurus_aurocapilla",2006,564,200.2385,2.57417730834581
"Seiurus_aurocapilla",2006,568,199.050166666667,5.31212635579754
"Seiurus_aurocapilla",2006,622,189.960333333333,2.74609117201336
"Seiurus_aurocapilla",2006,646,185.062833333333,3.3310760999342
"Seiurus_aurocapilla",2006,649,187.950833333333,3.8748227934753
"Seiurus_aurocapilla",2007,535,203.134166666667,8.96012722857294
"Seiurus_aurocapilla",2007,564,200.206333333333,6.14277750762147
"Seiurus_aurocapilla",2007,646,190.036666666667,7.12858974043979
"Seiurus_aurocapilla",2007,649,193.175333333333,6.15065551921974
"Seiurus_aurocapilla",2007,675,177.217333333333,8.64354584085756
"Seiurus_aurocapilla",2007,676,192.09,8.53965578659306
"Seiurus_aurocapilla",2008,535,197.307833333333,8.39820379267969
"Seiurus_aurocapilla",2008,622,195.537,5.05419513685548
"Seiurus_aurocapilla",2008,646,190.448333333333,4.52508673477262
"Seiurus_aurocapilla",2008,649,187.6015,3.73591005253786
"Seiurus_aurocapilla",2008,675,189.334666666667,7.13581237084614
"Seiurus_aurocapilla",2008,676,189.912166666667,5.19605155839719
"Seiurus_aurocapilla",2009,649,195.216166666667,4.07826074129662
"Seiurus_aurocapilla",2009,676,184.963166666667,5.46758255984584
"Seiurus_aurocapilla",2010,595,168.7385,5.00416073757108
"Seiurus_aurocapilla",2010,621,188.023666666667,6.86988397086766
"Seiurus_aurocapilla",2010,649,186.077833333333,6.90488147643314
"Seiurus_aurocapilla",2010,676,183.3815,5.86702889783361
"Seiurus_aurocapilla",2011,622,195.865,5.57257725559233
"Seiurus_aurocapilla",2011,646,193.150166666667,4.34216831892092
"Seiurus_aurocapilla",2011,649,183.929,9.08886096084621
"Seiurus_aurocapilla",2012,535,194.999166666667,7.58110006212253
"Seiurus_aurocapilla",2012,567,193.580333333333,6.87900913528512
"Seiurus_aurocapilla",2012,622,203.011,4.91632390173638
"Seiurus_aurocapilla",2012,646,179.9185,2.05163982080816
"Seiurus_aurocapilla",2012,649,198.052833333333,8.04616878463952
"Seiurus_aurocapilla",2013,535,202.084,3.56745452509649
"Seiurus_aurocapilla",2013,646,191.770333333333,2.1408760934012
"Seiurus_aurocapilla",2013,649,195.311833333333,7.90276337220353
"Seiurus_aurocapilla",2014,646,182.610333333333,2.1687808765842
"Seiurus_aurocapilla",2015,535,206.322333333333,2.87184188309915
"Seiurus_aurocapilla",2015,649,187.0875,9.59964596311254
"Seiurus_aurocapilla",2015,676,183.932,9.7641145180735
"Seiurus_aurocapilla",2016,649,197.986166666667,6.5214822134695
"Setophaga_citrina",1992,622,202.880333333333,7.20506757234165
"Setophaga_citrina",1993,676,192.671833333333,4.68747999643821
"Setophaga_citrina",1994,676,193.055333333333,3.65679735789507
"Setophaga_citrina",1995,676,196.072666666667,3.63770876281523
"Setophaga_citrina",1996,676,193.540166666667,5.87243284764903
"Setophaga_citrina",1996,703,189.6725,6.55037365212833
"Setophaga_citrina",1997,676,206.030666666667,3.22068134928224
"Setophaga_citrina",1998,676,198.278833333333,5.49209545537682
"Setophaga_citrina",1999,622,203.418166666667,5.50957008600892
"Setophaga_citrina",1999,676,201.808333333333,4.39372446693434
"Setophaga_citrina",2000,676,194.6955,6.66084385721121
"Setophaga_citrina",2001,646,190.546666666667,8.826577685292
"Setophaga_citrina",2001,676,197.186666666667,4.26331461785436
"Setophaga_citrina",2001,703,202.596166666667,5.39075709115997
"Setophaga_citrina",2002,646,183.6115,6.21696680030002
"Setophaga_citrina",2002,676,194.161166666667,7.67624122984629
"Setophaga_citrina",2003,676,194.235,4.20682674136599
"Setophaga_citrina",2003,703,194.138166666667,8.34020402264909
"Setophaga_citrina",2004,646,192.407833333333,5.13655877135242
"Setophaga_citrina",2004,676,193.811166666667,8.4732013526421
"Setophaga_citrina",2005,676,198.663333333333,8.16123498711897
"Setophaga_citrina",2006,674,162.6875,8.13987428294956
"Setophaga_citrina",2007,676,193.906333333333,8.35089912174606
"Setophaga_citrina",2012,646,188.311,9.06754187855157
"Setophaga_citrina",2013,646,201.676666666667,4.92315906081436
"Setophaga_citrina",2014,646,193.697333333333,8.23703229359477
"Setophaga_discolor",1998,676,178.788333333333,8.56664627846271
"Setophaga_discolor",1998,703,183.798333333333,9.07393997224977
"Setophaga_discolor",1999,646,192.618166666667,8.00795799215315
"Setophaga_discolor",1999,701,190.014333333333,7.40551156160984
"Setophaga_discolor",2000,646,195.769833333333,7.3777319319896
"Setophaga_discolor",2000,703,183.952166666667,6.56049174840467
"Setophaga_discolor",2001,701,175.247666666667,8.35976328388446
"Setophaga_discolor",2003,644,186.103,8.10168689564664
"Setophaga_discolor",2003,701,187.857666666667,8.58592030944551
"Setophaga_discolor",2003,703,175.996666666667,7.50060211322391
"Setophaga_discolor",2004,644,182.914,7.8179573681089
"Setophaga_discolor",2004,646,187.560333333333,5.87694220071067
"Setophaga_discolor",2004,701,174.7725,9.86307712963239
"Setophaga_discolor",2005,703,181.079666666667,4.92138427945769
"Setophaga_discolor",2006,644,177.894666666667,6.45650983959397
"Setophaga_discolor",2008,646,192.952833333333,6.993885022659
"Setophaga_discolor",2010,701,188.85,7.83513868626707
"Setophaga_magnolia",1998,568,200.8305,6.1787646504325
"Setophaga_magnolia",1998,738,199.771833333333,3.98498264153448
"Setophaga_magnolia",1999,568,205.1035,2.68892657722178
"Setophaga_magnolia",2000,568,194.153666666667,5.47701739168382
"Setophaga_magnolia",2000,738,200.851333333333,5.9427645893178
"Setophaga_magnolia",2001,568,200.372833333333,5.35866412324501
"Setophaga_magnolia",2001,738,199.036333333333,5.78892032149666
"Setophaga_magnolia",2002,568,201.411166666667,2.97448873524424
"Setophaga_magnolia",2005,568,207.5075,3.91512006340186
"Setophaga_magnolia",2006,568,206.290166666667,7.51991100229712
"Setophaga_magnolia",2007,568,188.696166666667,5.40971929179555
"Setophaga_pensylvanica",1995,508,203.7285,5.58897669763924
"Setophaga_pensylvanica",1996,508,207.0165,6.20190602608527
"Setophaga_pensylvanica",1997,508,205.218833333333,3.87553634170526
"Setophaga_pensylvanica",1998,508,196.925,5.97422158560642
"Setophaga_pensylvanica",1998,621,196.912333333333,5.43472513212636
"Setophaga_pensylvanica",1998,738,199.608666666667,7.76379874700864
"Setophaga_pensylvanica",1999,621,192.7685,6.96735232469284
"Setophaga_pensylvanica",2000,621,194.841333333333,5.27887007800334
"Setophaga_pensylvanica",2000,738,193.194833333333,8.49087092826224
"Setophaga_pensylvanica",2001,621,190.532666666667,4.73296944023262
"Setophaga_pensylvanica",2003,621,198.848166666667,4.3578984061864
"Setophaga_pensylvanica",2004,621,191.4565,3.35096691218238
"Setophaga_pensylvanica",2005,621,195.082833333333,4.00690834991805
"Setophaga_pensylvanica",2006,621,199.905333333333,3.19766723328815
"Setophaga_pensylvanica",2007,564,199.373333333333,7.79237292067344
"Setophaga_pensylvanica",2007,621,193.284166666667,9.97284607899745
"Setophaga_pensylvanica",2008,621,202.6175,5.27568313637446
"Setophaga_pensylvanica",2009,621,193.963833333333,7.20704624365271
"Setophaga_pensylvanica",2011,567,195.201166666667,7.67518838368217
"Setophaga_pensylvanica",2011,621,198.221666666667,7.55943481560256
"Setophaga_pensylvanica",2013,567,189.1675,8.80666622385166
"Setophaga_pensylvanica",2013,621,199.308,4.0335485930351
"Setophaga_pensylvanica",2014,567,158.853833333333,9.98380762575115
"Setophaga_pensylvanica",2015,567,181.323,5.03930254053235
"Setophaga_pensylvanica",2016,567,200.944833333333,2.99231498404098
"Setophaga_petechia",1990,621,188.865166666667,9.10200313387464
"Setophaga_petechia",1991,594,187.157833333333,1.80558356057571
"Setophaga_petechia",1991,595,177.084,8.28553271323317
"Setophaga_petechia",1992,594,190.034,2.07394009988789
"Setophaga_petechia",1992,595,185.875,7.66990957696502
"Setophaga_petechia",1992,619,187.3975,2.73466758817282
"Setophaga_petechia",1992,621,189.552833333333,4.79778196227331
"Setophaga_petechia",1993,562,187.972833333333,3.82245957097663
"Setophaga_petechia",1993,594,190.975,2.30512340934755
"Setophaga_petechia",1993,619,191.796166666667,3.77902087919033
"Setophaga_petechia",1993,621,184.093833333333,3.10525936836947
"Setophaga_petechia",1994,533,191.536333333333,4.50622505351516
"Setophaga_petechia",1994,594,190.706833333333,2.16502529499701
"Setophaga_petechia",1994,619,190.652,4.26078103667709
"Setophaga_petechia",1995,594,186.285,2.29411976530933
"Setophaga_petechia",1995,619,182.256,3.50483161375457
"Setophaga_petechia",1995,621,189.920833333333,2.59673316741363
"Setophaga_petechia",1996,594,192.461333333333,2.06935221554658
"Setophaga_petechia",1996,595,194.186666666667,7.39361885832591
"Setophaga_petechia",1996,619,182.6885,2.73210147683914
"Setophaga_petechia",1996,621,193.640833333333,3.31089005722792
"Setophaga_petechia",1997,594,194.439166666667,4.21682300295636
"Setophaga_petechia",1997,619,190.737,3.32836456363253
"Setophaga_petechia",1997,621,198.0145,3.31201620243936
"Setophaga_petechia",1998,619,183.326833333333,4.06588676815085
"Setophaga_petechia",1999,619,180.217833333333,2.42260744034685
"Setophaga_petechia",1999,621,185.788,3.76281133261477
"Setophaga_petechia",2000,567,189.0145,1.53297578338953
"Setophaga_petechia",2000,619,181.348833333333,2.92071402239629
"Setophaga_petechia",2000,622,197.981666666667,5.71280169789122
"Setophaga_petechia",2001,567,194.2865,2.48450797543095
"Setophaga_petechia",2001,622,193.739666666667,6.57110516778392
"Setophaga_petechia",2002,567,190.896,2.10790366865109
"Setophaga_petechia",2002,591,188.176666666667,6.71108252522142
"Setophaga_petechia",2002,619,198.013666666667,3.35783050890154
"Setophaga_petechia",2003,567,188.492,4.63200949034575
"Setophaga_petechia",2003,591,189.851666666667,7.12849678870892
"Setophaga_petechia",2003,619,185.286,2.91958181817171
"Setophaga_petechia",2003,621,196.626,3.97514246616031
"Setophaga_petechia",2004,567,188.8335,1.95390567186915
"Setophaga_petechia",2004,591,184.768666666667,4.85163971837169
"Setophaga_petechia",2004,619,192.4695,4.03263108101554
"Setophaga_petechia",2004,621,186.4155,3.4758509759004
"Setophaga_petechia",2004,622,178.731666666667,8.97950086557458
"Setophaga_petechia",2005,567,197.340166666667,3.64161093390291
"Setophaga_petechia",2005,591,190.830833333333,5.93622403256899
"Setophaga_petechia",2005,619,180.966166666667,8.54284410114366
"Setophaga_petechia",2005,622,180.1545,6.51726237527266
"Setophaga_petechia",2006,567,189.713666666667,3.26809730050221
"Setophaga_petechia",2006,591,185.3155,2.59038184373451
"Setophaga_petechia",2006,619,193.954833333333,5.10230002546046
"Setophaga_petechia",2006,620,188.0545,3.96154162568168
"Setophaga_petechia",2006,622,191.386833333333,4.40788288684559
"Setophaga_petechia",2007,567,188.038,1.77052114480098
"Setophaga_petechia",2007,591,175.7365,2.87508471214624
"Setophaga_petechia",2007,619,181.035,3.05346725494906
"Setophaga_petechia",2007,620,184.854166666667,3.28065436883205
"Setophaga_petechia",2007,621,182.674166666667,4.96203280929187
"Setophaga_petechia",2007,622,189.078166666667,6.43699949246282
"Setophaga_petechia",2008,567,192.656333333333,2.73461872640752
"Setophaga_petechia",2008,591,191.754,4.81674345413134
"Setophaga_petechia",2008,619,186.68,2.24739296278782
"Setophaga_petechia",2008,622,201.761666666667,7.96256434578181
"Setophaga_petechia",2009,591,181.412,1.57194184589034
"Setophaga_petechia",2009,619,188.113666666667,8.73157793859574
"Setophaga_petechia",2009,622,183.601,7.44226871058775
"Setophaga_petechia",2010,567,182.445,2.72045495199932
"Setophaga_petechia",2010,591,183.715166666667,3.77947316105275
"Setophaga_petechia",2010,619,185.2105,3.08832954522289
"Setophaga_petechia",2011,591,197.027166666667,8.07089122627854
"Setophaga_petechia",2011,619,191.769333333333,3.4773756741474
"Setophaga_petechia",2011,620,188.735666666667,9.83789909475876
"Setophaga_petechia",2011,621,184.758,9.5131235276963
"Setophaga_petechia",2012,567,192.787333333333,4.75210865248222
"Setophaga_petechia",2012,591,182.813833333333,4.22600897193329
"Setophaga_petechia",2012,619,182.209666666667,3.16117679490993
"Setophaga_petechia",2012,620,190.806666666667,4.24514928331484
"Setophaga_petechia",2013,591,180.704166666667,3.99578657554201
"Setophaga_petechia",2013,619,192.198333333333,5.80949988699932
"Setophaga_petechia",2013,621,158.576833333333,8.01303925519149
"Setophaga_petechia",2014,591,179.8025,2.14381118674214
"Setophaga_petechia",2014,593,189.5325,5.78240288408308
"Setophaga_petechia",2015,593,185.7815,3.63037477681988
"Setophaga_petechia",2015,620,193.033,3.4145552464787
"Setophaga_petechia",2016,591,180.136666666667,3.17715878501738
"Setophaga_petechia",2016,619,173.8355,7.55839233120634
"Setophaga_petechia",2017,593,180.650333333333,6.34088067097172
"Setophaga_ruticilla",1989,534,197.146,5.71370793878502
"Setophaga_ruticilla",1991,534,192.718333333333,6.03385436145903
"Setophaga_ruticilla",1991,564,196.696166666667,8.89648113216557
"Setophaga_ruticilla",1991,622,189.698666666667,4.70923500913727
"Setophaga_ruticilla",1992,622,183.892833333333,8.47854132006453
"Setophaga_ruticilla",1993,594,193.321333333333,5.90278623785275
"Setophaga_ruticilla",1996,675,175.172833333333,5.81233680907136
"Setophaga_ruticilla",1996,738,210.530666666667,4.91942676357411
"Setophaga_ruticilla",1997,568,203.125166666667,5.9715528309442
"Setophaga_ruticilla",1997,622,187.435666666667,3.68833230445508
"Setophaga_ruticilla",1998,508,206.006166666667,4.14588068971332
"Setophaga_ruticilla",1998,568,199.593,2.392830668149
"Setophaga_ruticilla",1998,621,197.578666666667,5.07005218188893
"Setophaga_ruticilla",1998,622,163.6635,7.26372686972785
"Setophaga_ruticilla",1999,568,200.330833333333,3.12201972128283
"Setophaga_ruticilla",1999,621,198.936166666667,9.5341793250104
"Setophaga_ruticilla",1999,622,190.544666666667,9.87758064113421
"Setophaga_ruticilla",2000,568,199.667833333333,2.68893480160517
"Setophaga_ruticilla",2000,622,191.67,4.67123146510283
"Setophaga_ruticilla",2001,568,200.143,4.90590416225948
"Setophaga_ruticilla",2001,622,183.705833333333,9.18215758823699
"Setophaga_ruticilla",2004,621,191.412,8.96550720185782
"Setophaga_ruticilla",2004,622,176.666,8.78638970837006
"Setophaga_ruticilla",2005,622,197.045833333333,3.555958395741
"Setophaga_ruticilla",2006,564,198.388666666667,3.08001936824652
"Setophaga_ruticilla",2006,622,193.214,8.64164241703763
"Setophaga_ruticilla",2007,535,199.431333333333,4.05565772908556
"Setophaga_ruticilla",2007,564,190.435666666667,4.65268407843736
"Setophaga_ruticilla",2007,567,194.511666666667,7.8185923042339
"Setophaga_ruticilla",2008,591,178.977833333333,8.97781202875694
"Setophaga_ruticilla",2009,644,181.504166666667,9.1109723744774
"Setophaga_ruticilla",2010,535,203.989666666667,3.49274387344914
"Setophaga_ruticilla",2012,535,206.992166666667,2.43654703062776
"Setophaga_ruticilla",2013,535,205.9645,1.92263426156683
"Setophaga_ruticilla",2014,535,192.9745,7.45690623908086
"Setophaga_ruticilla",2014,591,189.234833333333,6.98024406976106
"Setophaga_virens",1991,738,209.675666666667,6.39204851902741
"Setophaga_virens",1998,568,201.2245,4.51466094451259
"Setophaga_virens",1999,568,205.099,8.1056039751911
"Setophaga_virens",2001,568,195.771833333333,6.60285591669229
"Setophaga_virens",2002,568,203.23,6.14017238787524
"Sialia_sialis",2014,619,149.370833333333,5.49900195271544
"Sphyrapicus_varius",2006,564,187.614333333333,4.09988569751373
"Sphyrapicus_varius",2007,564,190.528,5.58806052252484
"Spiza_americana",1996,643,188.936333333333,4.52349682872467
"Spiza_americana",2006,587,198.367166666667,4.27766350239577
"Spiza_americana",2007,587,196.282,3.00066270393344
"Spiza_americana",2011,616,201.0745,4.45816804233708
"Spizella_passerina",2001,736,194.871166666667,4.91212005751747
"Troglodytes_aedon",1990,562,197.967166666667,8.38912897066018
"Troglodytes_aedon",1991,562,189.2665,8.20987483202147
"Troglodytes_aedon",1994,562,186.550333333333,8.83795704917277
"Troglodytes_aedon",1994,615,184.683666666667,7.12198851040068
"Troglodytes_aedon",1995,615,201.4935,8.06478752869414
"Troglodytes_aedon",1995,622,196.099166666667,8.29189113222352
"Troglodytes_aedon",1996,621,200.0185,6.71664673086339
"Troglodytes_aedon",1997,621,199.752833333333,5.81246127642188
"Troglodytes_aedon",1998,615,181.037166666667,8.54708297667245
"Troglodytes_aedon",1998,616,177.345,7.23169121941626
"Troglodytes_aedon",1998,621,189.824166666667,5.59465214834658
"Troglodytes_aedon",1998,646,185.254166666667,2.42711374250887
"Troglodytes_aedon",1999,615,181.754666666667,8.41213046015705
"Troglodytes_aedon",1999,616,176.087166666667,5.55542189435626
"Troglodytes_aedon",1999,619,187.718666666667,3.24118328707366
"Troglodytes_aedon",1999,621,189.521666666667,3.74831591530415
"Troglodytes_aedon",2000,615,197.584666666667,5.44861873596516
"Troglodytes_aedon",2000,619,185.3235,5.54301078639545
"Troglodytes_aedon",2001,588,175.9095,9.10330277629532
"Troglodytes_aedon",2001,615,193.3055,8.58577053381213
"Troglodytes_aedon",2001,619,173.209166666667,9.00425429476476
"Troglodytes_aedon",2001,621,179.6705,5.65737843337852
"Troglodytes_aedon",2001,622,189.072666666667,7.9658832177059
"Troglodytes_aedon",2002,591,180.219,5.43583453110084
"Troglodytes_aedon",2002,615,181.134833333333,6.88591963989585
"Troglodytes_aedon",2002,619,183.040666666667,7.71439767863611
"Troglodytes_aedon",2002,622,189.726333333333,5.8533879289915
"Troglodytes_aedon",2003,619,182.751333333333,3.80472218092656
"Troglodytes_aedon",2004,591,182.852166666667,8.30217640106424
"Troglodytes_aedon",2004,619,192.747833333333,4.99547172565807
"Troglodytes_aedon",2004,622,186.2765,6.08538301158875
"Troglodytes_aedon",2005,591,202.044833333333,5.50616711378581
"Troglodytes_aedon",2005,619,183.123333333333,3.36932450403507
"Troglodytes_aedon",2006,591,181.930833333333,8.09738500460947
"Troglodytes_aedon",2006,620,189.739166666667,7.29269016622346
"Troglodytes_aedon",2007,591,191.638833333333,5.69708710124119
"Troglodytes_aedon",2007,619,189.156666666667,4.55367011769763
"Troglodytes_aedon",2007,620,184.1125,8.2696780476934
"Troglodytes_aedon",2007,621,197.716666666667,6.85545197336996
"Troglodytes_aedon",2007,622,192.651166666667,6.65941989098422
"Troglodytes_aedon",2008,619,191.385166666667,8.55209543688655
"Troglodytes_aedon",2009,591,177.810833333333,8.30940573544031
"Troglodytes_aedon",2009,620,183.864166666667,7.04139992172711
"Troglodytes_aedon",2009,621,172.836833333333,8.74154519565182
"Troglodytes_aedon",2010,591,174.820166666667,6.64202625140423
"Troglodytes_aedon",2010,619,187.731333333333,7.98447098132979
"Troglodytes_aedon",2011,591,165.537166666667,7.06066055409352
"Troglodytes_aedon",2011,619,189.531833333333,8.72691315076981
"Troglodytes_aedon",2012,621,177.2145,8.0231883734136
"Troglodytes_aedon",2013,619,187.1595,5.60642177128272
"Troglodytes_aedon",2014,619,195.316,8.15143453514963
"Troglodytes_aedon",2016,619,154.744833333333,3.3798363650525
"Troglodytes_aedon",2016,621,189.660666666667,9.27098582057143
"Troglodytes_aedon",2017,619,183.354166666667,4.68031874300724
"Turdus_migratorius",1995,508,196.629,6.81831654981117
"Vermivora_cyanoptera",1991,591,178.9325,8.27486289771595
"Vermivora_cyanoptera",1991,622,185.542666666667,5.63084931126882
"Vermivora_cyanoptera",1992,591,193.875333333333,7.93227237595865
"Vermivora_cyanoptera",1993,622,172.187333333333,9.17479894665314
"Vermivora_cyanoptera",1994,646,173.496166666667,5.50269920935659
"Vermivora_cyanoptera",1995,646,183.4985,8.70126138796115
"Vermivora_cyanoptera",1996,646,182.92,3.15625204757657
"Vermivora_cyanoptera",1997,646,189.569666666667,6.6085872514327
"Vermivora_cyanoptera",1998,591,183.230333333333,4.21666257397554
"Vermivora_cyanoptera",1998,621,199.6725,8.83486952761207
"Vermivora_cyanoptera",1999,621,202.572166666667,6.01770948480091
"Vermivora_cyanoptera",1999,646,179.9555,5.69765422145563
"Vermivora_cyanoptera",2000,646,179.199833333333,5.5397967649474
"Vermivora_cyanoptera",2001,591,189.011333333333,7.38811899420962
"Vermivora_cyanoptera",2002,591,195.981666666667,6.84181742179379
"Vermivora_cyanoptera",2002,646,188.086,4.92087117919111
"Vermivora_cyanoptera",2003,591,183.359666666667,5.92839192873573
"Vermivora_cyanoptera",2004,591,192.911333333333,6.81140250532667
"Vermivora_cyanoptera",2004,621,161.552833333333,8.8304702502016
"Vermivora_cyanoptera",2004,646,191.142166666667,6.67615536672385
"Vermivora_cyanoptera",2005,622,192.855333333333,7.49340354834472
"Vermivora_cyanoptera",2005,646,176.748333333333,9.73727201529971
"Vermivora_cyanoptera",2006,646,194.9975,7.54402495149272
"Vermivora_cyanoptera",2009,591,204.132166666667,7.25128463287897
"Vireo_bellii",1996,643,207.280166666667,4.67332643508708
"Vireo_bellii",1998,643,188.067166666667,8.69798431404714
"Vireo_griseus",1993,699,179.992333333333,5.76704583750099
"Vireo_griseus",1994,646,195.610833333333,9.38120730400068
"Vireo_griseus",1996,644,196.615,9.98420698227176
"Vireo_griseus",1996,646,198.574666666667,6.53137566164749
"Vireo_griseus",1997,646,201.462166666667,5.56237886597665
"Vireo_griseus",1997,699,187.261833333333,6.9891404802735
"Vireo_griseus",1998,646,203.823333333333,7.10252512839076
"Vireo_griseus",1999,644,189.577333333333,5.24343416307728
"Vireo_griseus",1999,646,192.565,5.41464015929736
"Vireo_griseus",2000,646,191.533166666667,5.02494858915089
"Vireo_griseus",2000,699,188.989666666667,7.24964271134304
"Vireo_griseus",2001,646,192.77,5.36972118931159
"Vireo_griseus",2001,699,177.5565,8.00521632008708
"Vireo_griseus",2002,646,190.752166666667,5.10258934678227
"Vireo_griseus",2003,699,193.1305,3.84203895007356
"Vireo_griseus",2003,701,185.0805,6.83423764712419
"Vireo_griseus",2004,644,196.3685,4.47999845398313
"Vireo_griseus",2004,646,195.953833333333,6.83575086491626
"Vireo_griseus",2005,646,192.205666666667,8.10244671869926
"Vireo_griseus",2006,644,179.0155,6.69970701565991
"Vireo_griseus",2006,646,194.9695,8.12386828770584
"Vireo_griseus",2007,646,190.357666666667,5.71785421858874
"Vireo_griseus",2008,644,196.611833333333,6.17158877898539
"Vireo_griseus",2008,646,201.414333333333,7.0903953937724
"Vireo_griseus",2009,644,191.386833333333,8.35578620873483
"Vireo_griseus",2010,644,191.3695,7.00681708511628
"Vireo_griseus",2010,699,188.199666666667,6.67571924415589
"Vireo_griseus",2011,646,187.944833333333,4.64665347717886
"Vireo_olivaceus",1994,646,200.210833333333,6.37642735209289
"Vireo_olivaceus",1995,676,198.913,5.63646395839854
"Vireo_olivaceus",1996,622,206.305833333333,7.95909482943713
"Vireo_olivaceus",1996,676,212.494,2.02829558919951
"Vireo_olivaceus",1997,676,195.9105,7.01978413568052
"Vireo_olivaceus",1999,676,201.575166666667,8.99617540036846
"Vireo_olivaceus",2000,646,196.963,4.52928067105946
"Vireo_olivaceus",2000,676,195.6305,6.07750983306171
"Vireo_olivaceus",2001,646,193.378333333333,9.96069273639408
"Vireo_olivaceus",2001,676,203.187,5.25461379751422
"Vireo_olivaceus",2002,622,204.331,8.4409901109018
"Vireo_olivaceus",2003,676,207.342833333333,8.34850774504944
"Vireo_olivaceus",2004,646,192.416,6.68276793186814
"Vireo_olivaceus",2005,676,204.657833333333,5.30896595319066
"Vireo_olivaceus",2007,644,194.285,6.33286079543117
"Vireo_olivaceus",2008,726,183.8405,6.18921999587667
"Vireo_olivaceus",2010,676,198.958333333333,9.41955688435175
"Zonotrichia_albicollis",1995,508,204.254,1.82575269285919
"Zonotrichia_albicollis",1995,567,196.1355,3.72703477508628
"Zonotrichia_albicollis",1996,508,206.370166666667,2.00843611005103
"Zonotrichia_albicollis",1996,567,204.593,4.17922584395433
"Zonotrichia_albicollis",1997,508,197.901166666667,2.98711998194247
"Zonotrichia_albicollis",1997,567,204.547166666667,4.56240922121992
"Zonotrichia_albicollis",1998,508,197.596,2.86731365240421
"Zonotrichia_albicollis",2007,566,190.524166666667,9.54389492261613
"Zonotrichia_albicollis",2011,567,199.3045,7.17862813265723
