"","Hex.cell","Site","YearValidated","CountOfYearValidated","AvgOfMODIS","StDevOfMODIS","cellyear","Archilochus_colubris","Cardellina_canadensis","Catharus_fuscescens","Catharus_minimus","Catharus_ustulatus","Cistothorus_palustris","Coccyzus_americanus","Coccyzus_erythropthalmus","Contopus_cooperi","Contopus_virens","Dolichonyx_oryzivorus","Empidonax_alnorum","Empidonax_minimus","Empidonax_traillii","Empidonax_virescens","Geothlypis_formosa","Geothlypis_philadelphia","Geothlypis_trichas","Hirundo_rustica","Icteria_virens","Icterus_galbula","Icterus_spurius","Ictinia_mississippiensis","Limnothlypis_swainsonii","Melospiza_lincolnii","Mniotilta_varia","Myiarchus_crinitus","Oreothlypis_peregrina","Oreothlypis_ruficapilla","Parkesia_motacilla","Parkesia_noveboracensis","Passerculus_sandwichensis","Passerina_caerulea","Passerina_cyanea","Petrochelidon_pyrrhonota","Pheucticus_ludovicianus","Pipilo_erythrophthalmus","Piranga_olivacea","Piranga_rubra","Polioptila_caerulea","Pooecetes_gramineus","Progne_subis","Protonotaria_citrea","Regulus_calendula","Riparia_riparia","Sayornis_phoebe","Seiurus_aurocapilla","Setophaga_americana","Setophaga_caerulescens","Setophaga_castanea","Setophaga_cerulea","Setophaga_citrina","Setophaga_discolor","Setophaga_dominica","Setophaga_fusca","Setophaga_magnolia","Setophaga_palmarum","Setophaga_pensylvanica","Setophaga_petechia","Setophaga_pinus","Setophaga_ruticilla","Setophaga_striata","Setophaga_tigrina","Sphyrapicus_varius","Spiza_americana","Spizella_passerina","Stelgidopteryx_serripennis","Tachycineta_bicolor","Troglodytes_aedon","Tyrannus_tyrannus","Vermivora_chrysoptera","Vermivora_cyanoptera","Vireo_flavifrons","Vireo_gilvus","Vireo_griseus","Vireo_olivaceus","Vireo_philadelphicus","Vireo_solitarius","Zonotrichia_leucophrys"
"1",729,"Pick",2001,1546,108.306,21.36471,"729_2001",NA,NA,NA,NA,NA,NA,NA,NA,NA,NA,NA,NA,NA,NA,NA,NA,NA,NA,NA,NA,NA,NA,NA,NA,NA,NA,NA,NA,NA,NA,NA,NA,NA,NA,NA,NA,NA,NA,NA,NA,NA,NA,NA,NA,NA,NA,NA,NA,NA,NA,NA,NA,NA,NA,NA,NA,NA,NA,NA,NA,NA,NA,NA,NA,NA,NA,NA,NA,NA,NA,NA,NA,NA,NA,NA,NA,NA,NA,NA
"2",729,"Pick",2002,1452,109.1081,17.94977,"729_2002",106.533268618358,NA,112.101844025709,NA,NA,NA,NA,NA,NA,122.605051846973,NA,NA,NA,NA,121.611881464735,NA,NA,NA,94.2534685285055,NA,109.593008678274,NA,NA,NA,NA,83.0037263403814,108.090749890533,NA,NA,NA,NA,NA,NA,113.934483444615,NA,109.103149391628,NA,108.697927872897,NA,NA,NA,NA,NA,NA,NA,NA,103.22418589054,NA,NA,NA,NA,NA,NA,NA,NA,113.664778734009,NA,111.356594412874,111.570465813455,NA,110.580679679912,NA,NA,NA,NA,NA,80.5331368830902,68.0027209643191,NA,109.813860716482,NA,NA,NA,NA,NA,102.263497924291,NA,NA,NA
"3",729,"Pick",2003,1542,108.5584,19.8805,"729_2003",105.884644656545,NA,112.238585579179,NA,NA,NA,NA,NA,NA,125.272181928798,117.138605101586,NA,113.481345376258,130.151373131905,122.525581359009,NA,NA,NA,95.8510089557983,NA,110.605202224137,113.057885781958,NA,NA,NA,83.7561780743192,111.105349690294,NA,99.1577454795326,NA,NA,NA,NA,113.437585855116,NA,109.381154058946,NA,108.616509499887,NA,NA,NA,NA,NA,NA,NA,NA,103.526526388661,89.7177409880086,109.430090346284,NA,NA,NA,NA,NA,NA,114.551605256358,NA,112.428827984505,113.461111244896,NA,112.141727445483,NA,NA,NA,NA,NA,81.5442761713835,70.3318403969272,NA,111.337313773017,NA,96.699519502234,NA,NA,NA,103.468425459939,NA,NA,NA
"4",729,"Pick",2004,1534,114.2197,16.94284,"729_2004",109.493143994172,NA,112.566198689074,NA,NA,NA,126.013250007494,NA,NA,124.243174218787,118.880695460417,NA,113.765688864668,130.057984263464,122.319196441732,NA,NA,NA,96.6034931170902,NA,110.320821980571,112.990270933085,NA,NA,NA,82.956592389123,108.627622374325,NA,99.2723679478483,81.5605082555903,NA,NA,NA,109.090242147904,NA,108.813235038006,NA,107.338472918274,NA,NA,NA,NA,NA,NA,NA,NA,102.474192186614,88.7167108252005,NA,NA,NA,NA,NA,NA,NA,114.354343646948,NA,112.713202400737,113.846689270991,NA,111.713455572247,112.511177243546,NA,NA,NA,NA,83.2897307630414,71.7633357803157,NA,110.269454154959,NA,96.6388204144222,95.3458030426815,NA,NA,102.583811049707,NA,NA,NA
"5",729,"Pick",2005,1538,114.1294,20.30441,"729_2005",108.759043269836,NA,112.004494675251,NA,115.334116982961,NA,132.192617480438,NA,NA,124.706630634199,117.683614104458,133.01198146268,114.451228544377,131.335335957716,121.927905983505,NA,NA,NA,94.9361435694322,NA,111.656902523537,112.989840144099,NA,NA,NA,84.3729681297755,109.840781377484,NA,100.056841650436,NA,108.893679210379,NA,NA,118.113229060324,NA,109.797261779912,NA,110.538745243573,NA,NA,NA,NA,NA,NA,NA,NA,105.509841595906,90.4014114067409,109.333828000543,NA,NA,NA,96.9511335808967,NA,110.838905385367,114.902634704566,NA,113.153268300911,112.667336112857,NA,111.517450839735,113.36923272681,NA,NA,NA,NA,82.093418479148,67.5032303812066,NA,111.030519733313,NA,98.1340807517433,94.445342092465,NA,NA,103.711954277359,NA,NA,NA
"6",729,"Pick",2006,1501,110.4923,21.71373,"729_2006",107.37298678231,118.553111189484,112.108965378909,NA,114.940291759716,NA,128.117456885208,NA,NA,125.540665933631,119.109437714072,130.25356283457,114.295038197029,132.683447862558,123.404813508038,NA,NA,NA,96.6947773174976,120.298998530279,109.544487040657,111.835031258522,NA,NA,NA,86.0642175048471,108.999153720984,NA,99.8431470297848,81.7470449541437,107.778968530993,NA,NA,114.855790585128,NA,109.035163039341,NA,109.011813284453,111.589358204635,NA,NA,NA,100.90966207977,NA,NA,NA,102.853557399623,88.6848663793027,108.576720006828,NA,NA,98.6807689849561,96.707136888646,80.3936937692955,109.738174880573,114.368510153459,NA,111.811049337089,112.765743267658,NA,111.718778531901,114.912801831505,NA,NA,NA,NA,83.5475756814993,66.9242031610967,NA,109.625080194653,NA,96.7768692344321,94.1068124410132,NA,NA,103.56376638068,NA,NA,NA
"7",729,"Pick",2007,1493,111.1594,25.45737,"729_2007",107.830913246259,117.531756176425,111.7221791604,NA,114.427854814197,NA,127.711700751371,107.1515389686,NA,123.960603499241,119.358891011818,131.028606234768,113.188586898922,131.9258540839,122.778696149448,NA,NA,NA,98.8953760264984,122.278707347136,110.515085249987,114.373384125402,NA,NA,NA,83.263345429291,109.757416850247,103.942633330007,97.9778187269941,80.9168860176603,108.095586629254,NA,116.176431754612,114.900001489343,121.747779907796,108.358917844286,NA,108.061606069735,110.735593723794,NA,NA,NA,101.797478045509,NA,107.771659747483,NA,102.970593110316,90.9222879659845,108.972514660153,NA,101.819419643323,99.2526633706823,96.8205523252104,NA,108.939427662662,113.95085429241,NA,111.560368514897,112.684495002851,NA,111.19149220584,111.873175114119,NA,NA,NA,NA,85.4396006745041,67.776623076305,NA,115.06956860607,NA,97.5008087601803,93.5519282654723,NA,NA,104.557227481531,NA,NA,NA
"8",729,"Pick",2008,1523,111.4924,21.49912,"729_2008",110.945914430695,118.599756136961,112.069741284811,NA,115.850720071485,NA,135.631415336042,104.672491764836,NA,125.624471351008,117.598381513283,133.720295992047,114.233671427917,134.642816030837,122.527055967298,108.434991266726,NA,NA,98.567754478054,124.331230332589,110.694226175674,113.214671665168,NA,NA,NA,84.7245330090478,111.743801945627,108.141592814672,99.895008568279,83.9851766709809,109.133524641575,NA,114.983691752277,115.328866542518,NA,110.177602729754,NA,110.545098196486,114.72399098352,NA,NA,108.205657105501,101.674409770676,NA,108.08395686328,NA,103.218942263178,92.6004796193797,109.632049909189,NA,101.662851344194,99.6861945667582,96.4895259863063,84.7322453660816,109.398136434128,115.148236854265,NA,112.614671540659,112.12019663507,NA,113.22849848577,115.818856036288,NA,NA,133.399941728249,NA,84.1956961468279,69.9899902280521,NA,114.472924940733,NA,96.8159481227557,98.1211915525225,NA,NA,105.912180622809,NA,NA,NA
"9",729,"Pick",2009,1521,113.7206,21.65219,"729_2009",105.437025143403,116.376423558822,111.216792382978,NA,112.992900467432,NA,124.337427586451,106.396107732998,NA,122.770958044993,117.146840456717,131.136555673038,113.274492282398,131.977153113159,119.786325919753,106.44345141673,NA,NA,98.0393132989328,123.192866101243,108.48824074698,114.361283270755,NA,NA,NA,84.6035472583277,109.090239503958,105.495307016373,99.0088875777994,82.2839175399053,107.707531154078,NA,113.225507548318,111.950696461841,119.704986704237,107.18489053801,NA,106.908532094813,109.576722061432,NA,NA,108.074002348059,100.745810685181,NA,108.828679180615,NA,102.287385669239,89.5646348098004,107.627963454384,NA,101.994838298528,99.1891506422173,97.9633489880599,83.7492705191108,108.442763011875,113.373979323492,NA,109.640642693064,110.96281026132,NA,112.376575677404,112.382286347222,NA,NA,132.755575740756,NA,82.3308028949718,65.1856250289488,NA,112.044823238919,NA,95.836121278807,94.4619957601982,NA,NA,101.809453035491,NA,NA,NA
"10",729,"Pick",2010,1533,108.1435,18.2572,"729_2010",108.721476851158,117.397897128642,111.844862516793,NA,116.379759444896,NA,123.390901482914,105.395151154152,NA,122.024265690092,115.724698277169,129.692226391803,113.90021999954,128.094307486961,125.131407366261,108.214348458953,NA,NA,97.1095376758926,123.964583477545,111.520730593435,116.528336278304,NA,NA,NA,85.8147444558465,110.680475273014,107.108237989655,99.8169014792459,81.5363350627311,110.897719464359,NA,116.107704904845,112.489775293491,117.762948948848,109.206298091243,NA,110.821791969928,113.409449388323,NA,NA,108.073339501514,101.741260387917,NA,108.425109663026,NA,103.620962948449,92.4115479156105,108.79365241789,NA,101.564271097325,100.173322849014,97.1496950368087,83.1072411288756,110.707770639707,115.303568763903,NA,114.415394807386,113.680451892917,NA,112.139299030592,111.123621713367,NA,NA,131.07845229033,NA,82.6607573024499,67.9234249793022,NA,110.700584467192,NA,96.6436619267662,96.8682210489678,NA,NA,103.267675348843,NA,NA,NA
"11",729,"Pick",2011,1484,103.0849,21.77481,"729_2011",104.135504105944,115.67103555233,112.09634127539,NA,114.780188969867,NA,124.392404352724,107.367185440455,NA,122.722525774721,117.112051266582,129.620805051321,113.353730809252,130.490693030056,121.232433998939,102.551746546318,NA,NA,87.5385038189702,119.030572026884,109.622997147993,112.237632670682,127.553160033888,105.282438761601,98.4297993360883,83.0715666812601,105.956890390139,105.099654394642,100.112774520603,80.727894545992,106.536246809373,NA,109.465877883253,111.395846572515,116.556383696722,108.008677325863,NA,106.298913453299,106.8414970079,NA,NA,108.069929105319,100.434526796951,NA,110.172645468509,NA,101.957763416211,88.5952326929567,107.77960661925,117.642473949646,102.36820192804,98.0579192664486,94.1403361124633,78.9799605081723,107.359044803384,114.871680453135,NA,111.866424557099,109.562420765287,NA,111.463243707077,112.126046584196,106.515855816341,NA,132.535823593207,NA,76.5125799237876,65.1947028677553,NA,108.032429556715,113.985586284162,96.0122018014882,95.2881474261331,NA,NA,100.254797395364,116.612869624149,NA,NA
"12",729,"Pick",2012,1509,98.33532,28.10791,"729_2012",105.688534339244,116.284112468365,113.216751351437,NA,114.780084346013,NA,129.960495140694,105.456032464675,NA,120.177534428695,117.770779040682,128.86811064485,112.759276753654,129.659788488011,118.553195934257,103.828602693616,NA,NA,94.2765622041392,118.217611060542,109.143745326158,111.84503527173,131.108767756089,102.747155482162,96.0548963792501,80.1447056503322,105.320349293951,103.807492090658,98.1924915801141,76.1694580867578,108.424672012043,NA,113.627831078324,110.124095782202,117.323151868184,109.122791025188,NA,106.362839233388,109.386403762572,NA,NA,108.042133832182,100.701765724257,NA,108.670011672878,NA,101.011127491411,81.3037501757674,108.658496857143,118.884202131308,102.77844408821,95.2575979294859,93.3353126058586,74.6015079157748,107.123995609412,114.328187038383,NA,111.138301803332,113.264899956801,NA,111.238450620399,112.418152719865,105.186303342017,NA,129.022451280998,NA,81.4893381549378,62.1596730021161,NA,111.345478378109,114.145070717701,95.8663769476944,87.8057125420223,NA,NA,96.8969829726599,117.178835801648,NA,NA
"13",729,"Pick",2013,1533,112.5884,19.85823,"729_2013",107.674597558795,119.454514709171,111.274572657685,115.712986365963,117.475051114702,NA,127.487222602493,111.351283457354,NA,121.837632103718,117.999876191552,131.282546925315,114.283549340067,130.956727338881,123.432753862341,105.770883829034,NA,NA,91.3868735369021,120.528509659913,111.27548978592,111.538291308839,131.36840110955,104.51157736272,98.7483178069768,83.835102992915,106.559954878256,108.04514858352,100.982349990262,83.1259726180108,110.403671515736,NA,114.272621067995,112.507145378658,115.826004749981,111.207012967976,NA,110.376631446166,107.921200871355,NA,NA,105.976197418972,101.565258332689,NA,108.47397305066,NA,105.729043233603,95.5932711234902,109.858800236417,116.455142753737,100.498322102904,101.304278257268,96.7506274238983,82.8348027403636,111.407596106742,116.216880905987,NA,114.936133414873,111.350220093597,NA,111.830593336236,114.53554802987,109.613837278853,NA,133.202754805593,NA,82.2738865482175,67.231043026393,NA,109.849005625179,113.7629255206,97.4034135768849,93.9256532063841,NA,NA,103.786275798594,116.978979058993,NA,NA
"14",729,"Pick",2014,1527,111.6634,19.22893,"729_2014",101.941755390151,117.421143253107,111.71908583591,115.452663419464,114.795149298526,NA,133.438166268898,109.39492183098,NA,119.902728313167,116.94630659462,130.821767709128,112.637755320305,130.281842056206,121.340086692618,105.940296286946,NA,NA,94.5175164573788,124.487772292634,110.918958567095,112.459200897161,127.215315141445,104.820394924869,97.8602580611201,85.9895202539411,106.068026610911,107.369465885449,100.790314870243,82.5175460230309,112.32407731132,NA,114.9864285404,113.326902183404,117.427726227984,109.217091808073,NA,108.625138221689,105.857112441488,NA,NA,107.179597472352,99.6538513655382,NA,107.376417599446,NA,102.082366543715,91.9157284050371,109.009786426673,116.612303699893,101.247540641231,98.1359960140667,98.0701649085009,82.891599452565,109.063549867944,114.018035027047,NA,112.921229091321,111.803585831549,NA,111.862771876963,114.238106926788,110.100957478848,NA,131.919143360872,NA,78.6577592327781,64.0299029085906,NA,109.254487287564,113.895284462357,97.4271377417958,91.8638295646351,NA,NA,101.870967110369,115.311814936784,NA,NA
"15",729,"Pick",2015,1530,108.3327,20.98054,"729_2015",103.110072330901,116.175084986038,112.294144626584,115.358298696675,115.220958926839,NA,129.02979746795,105.067484016079,NA,120.344187133451,118.382249177918,128.883183792805,114.858580037173,128.170674970452,120.400175498408,107.35702417459,NA,NA,95.6994428572768,119.701350266262,109.562331740074,111.228633108052,127.961417395056,105.960161529662,97.3661684098199,84.3161206225939,107.166974544183,106.868716941207,100.98556271963,79.5409442149322,108.863989950361,NA,114.541738808468,112.343722389926,119.602237353465,109.390794887307,NA,107.229883892059,106.204367252281,NA,NA,108.235229066169,101.610887412661,NA,108.713716462186,NA,102.043315610551,86.9344464673456,108.080954194554,116.116470617475,101.791756946,97.7555632321374,96.4559501032536,78.0299818726063,107.246452031301,114.774650821102,NA,111.477419504723,110.58875405562,NA,109.3368662215,112.853284830892,109.398520058154,NA,129.876763856846,NA,82.2960498454588,65.9762355372841,NA,108.998519406592,114.397254703094,97.3285806688519,93.408518412307,NA,NA,101.266333208346,112.659853278585,NA,NA
"16",729,"Pick",2016,1289,102.64,17.26791,"729_2016",107.140793645914,117.973952718507,111.943338421151,116.221031810767,118.503736687193,NA,123.901580745265,106.594848221982,NA,119.246741709073,118.278175820331,133.143193018146,115.195410232821,132.571576579201,118.482774680248,108.897416928747,NA,NA,93.9323350631298,122.785361315629,110.085413943413,110.695735899424,129.046012641477,105.322344004895,98.4140045236399,85.3669948649224,109.753863209726,107.510216415497,100.761464059608,79.0634312669743,110.016453463238,NA,116.097658114977,112.769905519471,118.641334604124,110.28458760876,NA,109.237773751722,110.833917217968,NA,NA,104.97576831781,102.356768814124,NA,108.240956295747,NA,103.405261630781,88.0148796341879,109.363901385576,120.001446752718,102.023707285671,99.2354424161434,97.3370394016476,77.7548171498951,110.034447735942,116.260675629673,NA,112.277863064687,113.293673174882,NA,113.773639234727,114.417400883811,109.870994575051,NA,130.845048761562,NA,80.0217328005565,62.2197681019513,NA,109.58937788113,113.756160673123,98.4026784381952,93.3721832873533,NA,NA,104.267375046633,117.625312435725,NA,NA
"17",676,"Occoquan",2001,10,116.2,2.820559,"676_2001",NA,NA,NA,NA,NA,NA,NA,NA,NA,NA,NA,NA,NA,NA,NA,NA,NA,NA,NA,NA,NA,NA,NA,NA,NA,NA,NA,NA,NA,NA,NA,NA,NA,NA,NA,NA,NA,NA,NA,NA,NA,NA,NA,NA,NA,NA,NA,NA,NA,NA,NA,NA,NA,NA,NA,NA,NA,NA,NA,NA,NA,NA,NA,NA,NA,NA,NA,NA,NA,NA,NA,NA,NA,NA,NA,NA,NA,NA,NA
"18",676,"Occoquan",2002,10,114.4,4.141927,"676_2002",120.490663155085,NA,121.412171812174,NA,NA,NA,NA,NA,NA,129.975261473465,NA,NA,NA,NA,131.459385528169,NA,NA,NA,107.103448162002,NA,118.518305867105,NA,NA,NA,NA,108.522755444247,118.751214713386,NA,NA,NA,NA,NA,NA,125.461679188604,NA,118.076263055374,NA,120.188739598031,NA,NA,NA,NA,NA,NA,NA,NA,110.696557749603,NA,NA,NA,NA,NA,NA,NA,NA,124.790140173613,NA,120.705615990608,115.646679524517,NA,119.800861748277,NA,NA,NA,NA,NA,92.4926330715035,79.320952179479,NA,118.212024034054,NA,NA,NA,119.072107211348,NA,117.995272418945,NA,NA,NA
"19",676,"Occoquan",2003,10,117.8,3.392803,"676_2003",119.332549942495,NA,121.5646736311,NA,NA,NA,NA,NA,NA,132.305448322266,120.49932277514,NA,122.659335970038,136.098423279455,132.287551767851,NA,NA,NA,108.773141537494,NA,119.948493352939,120.262369244021,NA,NA,NA,109.594093142074,119.540960948773,NA,110.208680999464,NA,NA,NA,NA,124.96229922382,NA,118.148822041319,NA,120.744053447453,NA,NA,NA,NA,NA,NA,NA,NA,111.796258731598,108.466019259468,120.592014572087,NA,NA,NA,NA,NA,NA,125.58733608406,NA,122.224404942442,118.129198464361,NA,122.223351560985,NA,NA,NA,NA,NA,92.9386941862665,81.5701756322775,NA,120.353737483597,NA,112.257517416223,NA,120.807636712142,NA,120.036073803597,NA,NA,NA
"20",676,"Occoquan",2004,10,117.3,1.567021,"676_2004",121.358377178251,NA,122.474152362101,NA,NA,NA,135.640083122049,NA,NA,131.83771410721,122.261528942516,NA,122.865547186165,136.236084208573,133.052843042501,NA,NA,NA,113.366958653387,NA,119.793994828157,120.650092495994,NA,NA,NA,108.389690840632,118.052799303334,NA,110.035242492372,94.1342995244024,NA,NA,NA,125.095911114043,NA,117.133241059728,NA,117.885696297901,NA,NA,NA,NA,NA,NA,NA,NA,109.752960499612,107.00206184105,NA,NA,NA,NA,NA,NA,NA,125.635664639995,NA,122.38592633048,118.082443884106,NA,120.938193857849,126.864368136183,NA,NA,NA,NA,95.4616871617519,84.0879464332593,NA,118.479843684911,NA,112.305650943692,116.436915491495,120.658678453939,NA,115.72567179261,NA,NA,NA
"21",676,"Occoquan",2005,10,118.7,3.164034,"676_2005",122.623828923151,NA,121.27892092421,NA,124.902059536399,NA,136.854909426657,NA,NA,132.123750049399,121.119915004433,138.903195248775,123.724774727602,137.283363684628,132.38930301415,NA,NA,NA,108.709864355358,NA,121.644616487041,119.593005972827,NA,NA,NA,109.856029040682,119.323180951895,NA,111.485868227333,NA,116.657666344302,NA,NA,129.235549500345,NA,117.937751584006,NA,123.001956439856,NA,NA,NA,NA,NA,NA,NA,NA,114.519198297105,110.306344898898,120.384675413474,NA,NA,NA,108.527466687829,NA,123.964514235313,126.392694032787,NA,123.142975683465,116.638244048115,NA,120.942272523346,127.931441743595,NA,NA,NA,NA,94.3437915030207,79.4516673588794,NA,120.492824502746,NA,114.673514104531,115.308248300311,122.623363942309,NA,121.555656569729,NA,NA,NA
"22",676,"Occoquan",2006,10,113.7,1.702939,"676_2006",121.71602539413,128.397533752864,121.841176316302,NA,125.239928394596,NA,130.71266327765,NA,NA,133.280528087158,122.670271452263,136.090898469071,123.781041755474,138.591840128531,133.91322825704,NA,NA,NA,109.17226537847,129.877286252318,118.711464680412,117.411855752743,NA,NA,NA,109.573224556271,118.770188962861,NA,111.026983274824,94.2366317795506,115.376445217252,NA,NA,125.573488510994,NA,117.890023078322,NA,120.249019747259,122.2694457045,NA,NA,NA,111.080739355289,NA,NA,NA,110.56730015428,108.094798132217,119.254687572722,NA,NA,112.320796095827,107.589125954812,92.0595860568339,121.118747955246,125.428029062055,NA,120.904574334289,116.879347916398,NA,122.518591168057,129.539457406317,NA,NA,NA,NA,95.8430123813548,79.168910509896,NA,118.605677730588,NA,112.539574920448,115.17143917861,120.024913579815,NA,118.498035631456,NA,NA,NA
"23",676,"Occoquan",2007,9,118,2.397916,"676_2007",121.495443984003,127.199651886377,120.638785300726,NA,124.841857078091,NA,130.074051479542,122.874973369452,NA,131.227924244058,122.993150139545,136.924607712697,122.509525956153,137.917596152273,133.126951283264,NA,125.206637334227,NA,112.222632657627,131.455638501179,121.094485993484,119.955636578166,NA,NA,NA,108.957780568895,119.927656136211,114.326122339728,109.749563134697,92.8551093927044,115.611210394764,NA,122.45224983344,124.540919519052,115.972142104349,116.791779074376,NA,120.761994888451,121.912870944441,NA,NA,NA,111.18984577648,NA,118.066297744742,NA,111.562629497469,111.682806659402,119.63398297165,NA,119.446917054021,113.182890674244,108.217362200226,NA,119.834238542072,125.343282962464,NA,121.155280017848,116.396010124408,NA,120.957561003873,126.129902233103,NA,NA,NA,NA,98.3324841429566,78.0920084103043,NA,120.900198905128,NA,114.181284162591,115.314132436834,120.945579796685,NA,119.617831481655,NA,NA,NA
"24",676,"Occoquan",2008,10,117.9,2.18327,"676_2008",123.704905068377,128.633530756587,121.885385593462,NA,128.286142434906,NA,135.345206617631,121.611313842567,NA,131.271509105512,121.053075722238,139.629445249843,123.407417141872,140.702623352607,131.739563277831,123.918210921936,128.196639729157,NA,108.251894111954,127.628193426404,119.382207211131,118.027087815736,NA,NA,NA,110.037106680909,117.399335114205,117.654820724493,110.962779353396,95.326245206678,117.862173076839,NA,124.999081309172,124.055197787622,NA,119.193215177752,NA,122.425020056133,124.246066932993,NA,NA,137.247438001332,108.385448874616,NA,118.458154680924,NA,110.03705557084,110.248430882077,121.048001537822,NA,119.569842618367,112.92328850785,105.74976435028,93.549239459472,120.56501981499,127.049717842257,NA,122.296438238665,116.939092733865,NA,123.630104437823,130.334810848639,NA,NA,150.262768169196,NA,96.6155067801182,81.264649498118,NA,120.470221316483,NA,112.332182603822,118.448725281155,121.476455188249,NA,117.439738471214,NA,NA,NA
"25",676,"Occoquan",2009,10,120,2.403701,"676_2009",119.731439273888,125.889785638007,118.462171728547,NA,122.886692816217,NA,128.083747590298,121.613200460509,NA,130.919311866946,120.401569991123,136.942267618364,122.245523263159,138.053554756284,128.191295294622,122.278472678369,126.27155881853,NA,110.197047261148,130.759558820673,117.302387955974,118.230686915548,NA,NA,NA,109.612784095801,116.473609511587,115.150133982308,108.937406976175,93.8814950131739,117.371629049061,NA,124.523840476645,123.205169055183,117.948240916131,115.905253351169,NA,118.24160741662,120.894661746911,NA,NA,136.549287062493,109.585918841077,NA,120.350723039966,NA,110.129238351235,110.686480117128,119.093211309374,NA,119.796820795682,111.965796658982,110.203473912501,94.8168775533799,119.289680068586,124.031305966905,NA,118.489901989678,114.439918018683,NA,122.483880804786,127.160396057211,NA,NA,149.320571730857,NA,93.3638190846882,76.0712626438626,NA,118.519372312335,NA,110.592352249037,115.29912703092,120.464560526459,NA,116.181759886803,NA,NA,NA
"26",676,"Occoquan",2010,10,104.3,3.198958,"676_2010",122.743079807306,127.186901983031,120.82438096966,NA,126.57943422052,NA,129.147733994819,120.558773300076,NA,127.37192465598,117.661748856172,135.345766303434,123.127962285021,134.113992751337,127.349491274159,124.482384352342,124.580758343144,NA,112.173445808044,128.530474385349,119.562088983722,117.891993311047,NA,NA,NA,110.307319697552,120.345635214102,115.888808324412,110.342267793036,91.1610449085731,119.2166719137,NA,122.686393371058,124.001338807249,117.015841630372,117.594211918912,NA,119.741369499043,122.651052814029,NA,NA,134.638090335128,112.035736682546,NA,118.959211818118,NA,109.05390614841,108.507193125784,120.803358384891,NA,120.858858014747,114.138538765925,107.743845608776,93.4525277062275,121.996946838615,126.740272092552,NA,123.266064459593,117.995352559015,NA,120.218930409739,125.349816143769,NA,NA,147.782669009894,NA,92.9452499142201,75.7840611144832,NA,119.320141908176,NA,112.833132822123,117.506620351339,121.64035771537,NA,118.839949556013,NA,NA,NA
"27",676,"Occoquan",2011,9,114,1.322876,"676_2011",116.589482325932,125.019914855169,119.847731434361,NA,124.04741971918,NA,138.214747607251,123.485220719354,NA,129.484185842864,120.009369472495,135.316459632162,122.274902399185,136.395195950454,126.584738309157,122.147057290001,125.199289362217,NA,103.005093488686,127.37410761853,117.751610881958,115.63814405107,140.69327276173,102.506183498021,111.301597937448,106.654229847005,114.131382522977,115.286825698522,110.935194995056,93.0429850155192,115.27325747703,NA,122.631872498324,121.652539849668,115.248008328957,116.218684644569,NA,117.833439450804,118.594231782951,NA,NA,180.694843690721,108.407834329325,NA,108.738894088635,NA,107.817075802109,106.82593167329,117.560591918938,124.868928079271,118.48547664981,110.585324146863,104.405125179089,92.9581437799221,116.369870216215,125.594779389964,NA,119.431522560131,112.727697113106,NA,119.324713319541,126.407954913948,117.209876841,NA,155.312093441739,NA,87.8844163066197,77.0690909939419,NA,113.721207223757,121.126224002192,110.96815092366,114.595253140234,120.924577482972,NA,114.656401813849,124.638187592487,NA,NA
"28",676,"Occoquan",2012,10,105.4,4.168666,"676_2012",120.755976728143,124.573703483582,121.121303766101,NA,123.542414811598,NA,138.827860374363,121.263728730403,NA,127.394498549709,120.681132591271,134.408109441376,120.941567130099,135.671171309552,126.121413213593,123.04964016454,124.406008302977,NA,103.580604002727,124.2389942963,118.364721660768,117.188469378459,135.165428888675,103.229926173326,109.015412058514,110.147963214958,116.618730336698,114.287301197247,109.674316236286,89.1551615251984,117.148170259277,NA,119.53386717053,121.94875290004,116.063664252389,116.819921007305,NA,118.946006819792,121.505301274721,NA,NA,136.57193177841,108.609336199871,NA,119.280255611945,NA,108.930834861439,109.278552928188,120.490219266112,126.012590406263,119.554926599248,110.99557431683,107.8322433984,85.3378968763166,118.357862485928,124.468807513806,NA,119.387342005768,116.084078137128,NA,119.071083625403,127.198584946247,116.447988948181,NA,145.944122416801,NA,92.1978370084049,72.3240541155416,NA,118.537268284819,121.468862045211,112.226629400018,112.90984542195,118.084564057893,NA,116.536863718056,124.349479797341,NA,NA
"29",676,"Occoquan",2013,10,113.7,2.057507,"676_2013",123.018632171835,128.936748954074,122.702127301238,126.590288448971,129.801650486926,NA,125.107119821752,127.771778872645,122.270450215655,130.365967752942,121.335502928716,137.409557739497,123.515130784497,136.810497860287,131.845973759376,124.420701197269,126.201718691986,NA,103.654009783402,129.447190536736,121.044181541147,119.338308885137,140.186941272024,105.053209271659,111.672196985977,109.969420749004,117.743213872161,118.059948379501,112.616845702189,96.3994410866935,119.37180735221,NA,122.914703432372,127.516132835979,115.200433281686,121.971931690096,NA,122.724089401313,123.893987717752,NA,NA,138.076153122316,110.115369905308,NA,118.715993833966,NA,111.132809644742,110.668361096743,123.213519463862,124.859221322244,119.743917328641,114.835092960456,109.761186012879,95.1566265567433,122.386754069903,128.531739306201,NA,126.431963993334,115.306395480097,NA,121.970046204093,129.346627519734,118.646478520577,NA,149.81032715201,NA,93.4338062425771,78.7935365678269,NA,119.676290761562,121.402934151941,114.587593940614,114.354220934702,122.062502966208,NA,117.638423437974,124.718112217287,NA,NA
"30",676,"Occoquan",2014,10,122.4,1.837873,"676_2014",117.608564099651,126.182422000043,120.442975700904,127.614655857422,125.611911891367,NA,124.336165230376,125.439118855651,123.363923078753,127.84983804441,119.488414942542,136.781332634642,121.037533575771,136.270556813275,127.941816228104,123.642936358159,125.922649788106,NA,107.739767804638,127.891541969595,119.975374581707,119.799402480531,140.632103822265,103.147439464867,110.922373567421,111.538325401439,116.919301206004,118.559903908588,112.548815011817,94.9428517513663,117.416868522065,NA,123.490817002753,123.087853476509,115.646926304946,118.274305748504,NA,120.491326347391,119.430735624759,NA,NA,136.11582139064,106.088616336757,NA,117.725823906432,NA,111.277133366275,108.415858155864,120.045999902067,125.412940513534,120.665936860703,111.240564242267,106.179926415428,95.4125695850972,119.370604892911,124.735279667884,NA,121.318854128316,116.283897447614,NA,120.119753889308,127.644563642532,120.846787591855,NA,147.57065722771,NA,91.1377931009207,75.7511754539282,NA,117.65697874681,121.843818705456,115.080260735932,114.19702169605,119.985998057216,NA,118.481880921967,123.228274331146,NA,NA
"31",676,"Occoquan",2015,10,117.5,3.100179,"676_2015",118.073265002268,126.748276642441,121.006058818199,126.766872713782,127.645127510766,NA,125.693059121325,121.486459491076,122.181078900706,128.574467130013,122.786404201583,134.456296594569,124.120557626542,134.177686880476,127.652440341716,122.324904650218,123.190667910639,NA,106.581019248757,129.566220445449,119.652322791501,117.407228661015,137.914147510889,102.519761565467,110.420562886717,109.757373607023,117.111531787288,117.918383221148,112.339169599076,93.4684780107364,116.630375505316,NA,121.909606632045,123.370933431429,117.177354963557,119.043460210262,NA,119.299476261982,118.487730300861,NA,NA,137.20995437356,107.331333201288,NA,119.133232909238,NA,109.647048319087,109.907899104391,121.136129616554,124.179233073431,121.103381105214,110.689214156699,107.537871727049,92.8404301719972,118.81978972424,126.536384780973,NA,122.609739552722,114.147612277693,NA,122.159818785694,128.766515516568,118.152213052024,NA,146.096729724849,NA,91.6023480392309,76.7703861267496,NA,116.985555478203,122.647142801519,113.97721952759,114.090145093655,122.856993314205,NA,117.076811705403,120.584793718437,NA,NA
"32",676,"Occoquan",2016,10,119.6,3.864367,"676_2016",120.635968736913,128.582089967186,120.444843875161,128.119888117547,126.234287557612,NA,126.776612680834,123.196591505127,122.998359276372,130.576104143639,121.62758857996,138.920286594101,123.725807875205,138.436203082751,131.94987720806,122.350084178813,127.009103927341,NA,114.03510488417,129.988389358505,119.817305922616,117.774341700313,142.004813964066,103.929333219676,111.341361637741,114.003136936017,119.244658800002,119.619852933256,112.214749645835,91.5790249855269,117.140594384665,NA,124.845208352866,122.118032300494,116.629479676145,119.212676518518,NA,118.868730438352,119.167977548789,NA,NA,138.956126685839,106.955515064001,NA,119.888285555122,NA,112.59991658509,111.525471578618,120.15715361261,128.998502219762,118.197594759835,112.466830848322,107.939057706728,88.0093861237913,121.326180023278,126.99229161177,NA,120.960938513721,118.19042992895,NA,122.780764548885,129.660600900203,120.472216481891,NA,146.975328296038,NA,87.8451758418247,73.9594330763014,NA,119.271408175915,120.538421180492,115.496789390304,114.488514403098,122.641556230339,NA,116.959239694563,124.839712096293,NA,NA
"33",676,"Sam",2001,4,115.75,2.5,"676_2001",NA,NA,NA,NA,NA,NA,NA,NA,NA,NA,NA,NA,NA,NA,NA,NA,NA,NA,NA,NA,NA,NA,NA,NA,NA,NA,NA,NA,NA,NA,NA,NA,NA,NA,NA,NA,NA,NA,NA,NA,NA,NA,NA,NA,NA,NA,NA,NA,NA,NA,NA,NA,NA,NA,NA,NA,NA,NA,NA,NA,NA,NA,NA,NA,NA,NA,NA,NA,NA,NA,NA,NA,NA,NA,NA,NA,NA,NA,NA
"34",676,"Sam",2002,4,106.5,6.027714,"676_2002",120.490663155085,NA,121.412171812174,NA,NA,NA,NA,NA,NA,129.975261473465,NA,NA,NA,NA,131.459385528169,NA,NA,NA,107.103448162002,NA,118.518305867105,NA,NA,NA,NA,108.522755444247,118.751214713386,NA,NA,NA,NA,NA,NA,125.461679188604,NA,118.076263055374,NA,120.188739598031,NA,NA,NA,NA,NA,NA,NA,NA,110.696557749603,NA,NA,NA,NA,NA,NA,NA,NA,124.790140173613,NA,120.705615990608,115.646679524517,NA,119.800861748277,NA,NA,NA,NA,NA,92.4926330715035,79.320952179479,NA,118.212024034054,NA,NA,NA,119.072107211348,NA,117.995272418945,NA,NA,NA
"35",676,"Sam",2003,4,116,4.966555,"676_2003",119.332549942495,NA,121.5646736311,NA,NA,NA,NA,NA,NA,132.305448322266,120.49932277514,NA,122.659335970038,136.098423279455,132.287551767851,NA,NA,NA,108.773141537494,NA,119.948493352939,120.262369244021,NA,NA,NA,109.594093142074,119.540960948773,NA,110.208680999464,NA,NA,NA,NA,124.96229922382,NA,118.148822041319,NA,120.744053447453,NA,NA,NA,NA,NA,NA,NA,NA,111.796258731598,108.466019259468,120.592014572087,NA,NA,NA,NA,NA,NA,125.58733608406,NA,122.224404942442,118.129198464361,NA,122.223351560985,NA,NA,NA,NA,NA,92.9386941862665,81.5701756322775,NA,120.353737483597,NA,112.257517416223,NA,120.807636712142,NA,120.036073803597,NA,NA,NA
"36",676,"Sam",2004,4,112,3.559026,"676_2004",121.358377178251,NA,122.474152362101,NA,NA,NA,135.640083122049,NA,NA,131.83771410721,122.261528942516,NA,122.865547186165,136.236084208573,133.052843042501,NA,NA,NA,113.366958653387,NA,119.793994828157,120.650092495994,NA,NA,NA,108.389690840632,118.052799303334,NA,110.035242492372,94.1342995244024,NA,NA,NA,125.095911114043,NA,117.133241059728,NA,117.885696297901,NA,NA,NA,NA,NA,NA,NA,NA,109.752960499612,107.00206184105,NA,NA,NA,NA,NA,NA,NA,125.635664639995,NA,122.38592633048,118.082443884106,NA,120.938193857849,126.864368136183,NA,NA,NA,NA,95.4616871617519,84.0879464332593,NA,118.479843684911,NA,112.305650943692,116.436915491495,120.658678453939,NA,115.72567179261,NA,NA,NA
"37",676,"Sam",2005,4,117.25,7.182154,"676_2005",122.623828923151,NA,121.27892092421,NA,124.902059536399,NA,136.854909426657,NA,NA,132.123750049399,121.119915004433,138.903195248775,123.724774727602,137.283363684628,132.38930301415,NA,NA,NA,108.709864355358,NA,121.644616487041,119.593005972827,NA,NA,NA,109.856029040682,119.323180951895,NA,111.485868227333,NA,116.657666344302,NA,NA,129.235549500345,NA,117.937751584006,NA,123.001956439856,NA,NA,NA,NA,NA,NA,NA,NA,114.519198297105,110.306344898898,120.384675413474,NA,NA,NA,108.527466687829,NA,123.964514235313,126.392694032787,NA,123.142975683465,116.638244048115,NA,120.942272523346,127.931441743595,NA,NA,NA,NA,94.3437915030207,79.4516673588794,NA,120.492824502746,NA,114.673514104531,115.308248300311,122.623363942309,NA,121.555656569729,NA,NA,NA
"38",676,"Sam",2006,4,107.75,2.986079,"676_2006",121.71602539413,128.397533752864,121.841176316302,NA,125.239928394596,NA,130.71266327765,NA,NA,133.280528087158,122.670271452263,136.090898469071,123.781041755474,138.591840128531,133.91322825704,NA,NA,NA,109.17226537847,129.877286252318,118.711464680412,117.411855752743,NA,NA,NA,109.573224556271,118.770188962861,NA,111.026983274824,94.2366317795506,115.376445217252,NA,NA,125.573488510994,NA,117.890023078322,NA,120.249019747259,122.2694457045,NA,NA,NA,111.080739355289,NA,NA,NA,110.56730015428,108.094798132217,119.254687572722,NA,NA,112.320796095827,107.589125954812,92.0595860568339,121.118747955246,125.428029062055,NA,120.904574334289,116.879347916398,NA,122.518591168057,129.539457406317,NA,NA,NA,NA,95.8430123813548,79.168910509896,NA,118.605677730588,NA,112.539574920448,115.17143917861,120.024913579815,NA,118.498035631456,NA,NA,NA
"39",676,"Sam",2007,4,116.5,3.696846,"676_2007",121.495443984003,127.199651886377,120.638785300726,NA,124.841857078091,NA,130.074051479542,122.874973369452,NA,131.227924244058,122.993150139545,136.924607712697,122.509525956153,137.917596152273,133.126951283264,NA,125.206637334227,NA,112.222632657627,131.455638501179,121.094485993484,119.955636578166,NA,NA,NA,108.957780568895,119.927656136211,114.326122339728,109.749563134697,92.8551093927044,115.611210394764,NA,122.45224983344,124.540919519052,115.972142104349,116.791779074376,NA,120.761994888451,121.912870944441,NA,NA,NA,111.18984577648,NA,118.066297744742,NA,111.562629497469,111.682806659402,119.63398297165,NA,119.446917054021,113.182890674244,108.217362200226,NA,119.834238542072,125.343282962464,NA,121.155280017848,116.396010124408,NA,120.957561003873,126.129902233103,NA,NA,NA,NA,98.3324841429566,78.0920084103043,NA,120.900198905128,NA,114.181284162591,115.314132436834,120.945579796685,NA,119.617831481655,NA,NA,NA
"40",676,"Sam",2008,4,112.5,4.041452,"676_2008",123.704905068377,128.633530756587,121.885385593462,NA,128.286142434906,NA,135.345206617631,121.611313842567,NA,131.271509105512,121.053075722238,139.629445249843,123.407417141872,140.702623352607,131.739563277831,123.918210921936,128.196639729157,NA,108.251894111954,127.628193426404,119.382207211131,118.027087815736,NA,NA,NA,110.037106680909,117.399335114205,117.654820724493,110.962779353396,95.326245206678,117.862173076839,NA,124.999081309172,124.055197787622,NA,119.193215177752,NA,122.425020056133,124.246066932993,NA,NA,137.247438001332,108.385448874616,NA,118.458154680924,NA,110.03705557084,110.248430882077,121.048001537822,NA,119.569842618367,112.92328850785,105.74976435028,93.549239459472,120.56501981499,127.049717842257,NA,122.296438238665,116.939092733865,NA,123.630104437823,130.334810848639,NA,NA,150.262768169196,NA,96.6155067801182,81.264649498118,NA,120.470221316483,NA,112.332182603822,118.448725281155,121.476455188249,NA,117.439738471214,NA,NA,NA
"41",676,"Sam",2009,4,117.25,3.095696,"676_2009",119.731439273888,125.889785638007,118.462171728547,NA,122.886692816217,NA,128.083747590298,121.613200460509,NA,130.919311866946,120.401569991123,136.942267618364,122.245523263159,138.053554756284,128.191295294622,122.278472678369,126.27155881853,NA,110.197047261148,130.759558820673,117.302387955974,118.230686915548,NA,NA,NA,109.612784095801,116.473609511587,115.150133982308,108.937406976175,93.8814950131739,117.371629049061,NA,124.523840476645,123.205169055183,117.948240916131,115.905253351169,NA,118.24160741662,120.894661746911,NA,NA,136.549287062493,109.585918841077,NA,120.350723039966,NA,110.129238351235,110.686480117128,119.093211309374,NA,119.796820795682,111.965796658982,110.203473912501,94.8168775533799,119.289680068586,124.031305966905,NA,118.489901989678,114.439918018683,NA,122.483880804786,127.160396057211,NA,NA,149.320571730857,NA,93.3638190846882,76.0712626438626,NA,118.519372312335,NA,110.592352249037,115.29912703092,120.464560526459,NA,116.181759886803,NA,NA,NA
"42",676,"Sam",2010,4,100.25,0.957427,"676_2010",122.743079807306,127.186901983031,120.82438096966,NA,126.57943422052,NA,129.147733994819,120.558773300076,NA,127.37192465598,117.661748856172,135.345766303434,123.127962285021,134.113992751337,127.349491274159,124.482384352342,124.580758343144,NA,112.173445808044,128.530474385349,119.562088983722,117.891993311047,NA,NA,NA,110.307319697552,120.345635214102,115.888808324412,110.342267793036,91.1610449085731,119.2166719137,NA,122.686393371058,124.001338807249,117.015841630372,117.594211918912,NA,119.741369499043,122.651052814029,NA,NA,134.638090335128,112.035736682546,NA,118.959211818118,NA,109.05390614841,108.507193125784,120.803358384891,NA,120.858858014747,114.138538765925,107.743845608776,93.4525277062275,121.996946838615,126.740272092552,NA,123.266064459593,117.995352559015,NA,120.218930409739,125.349816143769,NA,NA,147.782669009894,NA,92.9452499142201,75.7840611144832,NA,119.320141908176,NA,112.833132822123,117.506620351339,121.64035771537,NA,118.839949556013,NA,NA,NA
"43",676,"Sam",2011,4,112.75,2.5,"676_2011",116.589482325932,125.019914855169,119.847731434361,NA,124.04741971918,NA,138.214747607251,123.485220719354,NA,129.484185842864,120.009369472495,135.316459632162,122.274902399185,136.395195950454,126.584738309157,122.147057290001,125.199289362217,NA,103.005093488686,127.37410761853,117.751610881958,115.63814405107,140.69327276173,102.506183498021,111.301597937448,106.654229847005,114.131382522977,115.286825698522,110.935194995056,93.0429850155192,115.27325747703,NA,122.631872498324,121.652539849668,115.248008328957,116.218684644569,NA,117.833439450804,118.594231782951,NA,NA,180.694843690721,108.407834329325,NA,108.738894088635,NA,107.817075802109,106.82593167329,117.560591918938,124.868928079271,118.48547664981,110.585324146863,104.405125179089,92.9581437799221,116.369870216215,125.594779389964,NA,119.431522560131,112.727697113106,NA,119.324713319541,126.407954913948,117.209876841,NA,155.312093441739,NA,87.8844163066197,77.0690909939419,NA,113.721207223757,121.126224002192,110.96815092366,114.595253140234,120.924577482972,NA,114.656401813849,124.638187592487,NA,NA
"44",676,"Sam",2012,4,101.5,6.454972,"676_2012",120.755976728143,124.573703483582,121.121303766101,NA,123.542414811598,NA,138.827860374363,121.263728730403,NA,127.394498549709,120.681132591271,134.408109441376,120.941567130099,135.671171309552,126.121413213593,123.04964016454,124.406008302977,NA,103.580604002727,124.2389942963,118.364721660768,117.188469378459,135.165428888675,103.229926173326,109.015412058514,110.147963214958,116.618730336698,114.287301197247,109.674316236286,89.1551615251984,117.148170259277,NA,119.53386717053,121.94875290004,116.063664252389,116.819921007305,NA,118.946006819792,121.505301274721,NA,NA,136.57193177841,108.609336199871,NA,119.280255611945,NA,108.930834861439,109.278552928188,120.490219266112,126.012590406263,119.554926599248,110.99557431683,107.8322433984,85.3378968763166,118.357862485928,124.468807513806,NA,119.387342005768,116.084078137128,NA,119.071083625403,127.198584946247,116.447988948181,NA,145.944122416801,NA,92.1978370084049,72.3240541155416,NA,118.537268284819,121.468862045211,112.226629400018,112.90984542195,118.084564057893,NA,116.536863718056,124.349479797341,NA,NA
"45",676,"Sam",2013,4,115.75,4.99166,"676_2013",123.018632171835,128.936748954074,122.702127301238,126.590288448971,129.801650486926,NA,125.107119821752,127.771778872645,122.270450215655,130.365967752942,121.335502928716,137.409557739497,123.515130784497,136.810497860287,131.845973759376,124.420701197269,126.201718691986,NA,103.654009783402,129.447190536736,121.044181541147,119.338308885137,140.186941272024,105.053209271659,111.672196985977,109.969420749004,117.743213872161,118.059948379501,112.616845702189,96.3994410866935,119.37180735221,NA,122.914703432372,127.516132835979,115.200433281686,121.971931690096,NA,122.724089401313,123.893987717752,NA,NA,138.076153122316,110.115369905308,NA,118.715993833966,NA,111.132809644742,110.668361096743,123.213519463862,124.859221322244,119.743917328641,114.835092960456,109.761186012879,95.1566265567433,122.386754069903,128.531739306201,NA,126.431963993334,115.306395480097,NA,121.970046204093,129.346627519734,118.646478520577,NA,149.81032715201,NA,93.4338062425771,78.7935365678269,NA,119.676290761562,121.402934151941,114.587593940614,114.354220934702,122.062502966208,NA,117.638423437974,124.718112217287,NA,NA
"46",676,"Sam",2014,4,117.75,3.5,"676_2014",117.608564099651,126.182422000043,120.442975700904,127.614655857422,125.611911891367,NA,124.336165230376,125.439118855651,123.363923078753,127.84983804441,119.488414942542,136.781332634642,121.037533575771,136.270556813275,127.941816228104,123.642936358159,125.922649788106,NA,107.739767804638,127.891541969595,119.975374581707,119.799402480531,140.632103822265,103.147439464867,110.922373567421,111.538325401439,116.919301206004,118.559903908588,112.548815011817,94.9428517513663,117.416868522065,NA,123.490817002753,123.087853476509,115.646926304946,118.274305748504,NA,120.491326347391,119.430735624759,NA,NA,136.11582139064,106.088616336757,NA,117.725823906432,NA,111.277133366275,108.415858155864,120.045999902067,125.412940513534,120.665936860703,111.240564242267,106.179926415428,95.4125695850972,119.370604892911,124.735279667884,NA,121.318854128316,116.283897447614,NA,120.119753889308,127.644563642532,120.846787591855,NA,147.57065722771,NA,91.1377931009207,75.7511754539282,NA,117.65697874681,121.843818705456,115.080260735932,114.19702169605,119.985998057216,NA,118.481880921967,123.228274331146,NA,NA
"47",676,"Sam",2015,4,116,2.94392,"676_2015",118.073265002268,126.748276642441,121.006058818199,126.766872713782,127.645127510766,NA,125.693059121325,121.486459491076,122.181078900706,128.574467130013,122.786404201583,134.456296594569,124.120557626542,134.177686880476,127.652440341716,122.324904650218,123.190667910639,NA,106.581019248757,129.566220445449,119.652322791501,117.407228661015,137.914147510889,102.519761565467,110.420562886717,109.757373607023,117.111531787288,117.918383221148,112.339169599076,93.4684780107364,116.630375505316,NA,121.909606632045,123.370933431429,117.177354963557,119.043460210262,NA,119.299476261982,118.487730300861,NA,NA,137.20995437356,107.331333201288,NA,119.133232909238,NA,109.647048319087,109.907899104391,121.136129616554,124.179233073431,121.103381105214,110.689214156699,107.537871727049,92.8404301719972,118.81978972424,126.536384780973,NA,122.609739552722,114.147612277693,NA,122.159818785694,128.766515516568,118.152213052024,NA,146.096729724849,NA,91.6023480392309,76.7703861267496,NA,116.985555478203,122.647142801519,113.97721952759,114.090145093655,122.856993314205,NA,117.076811705403,120.584793718437,NA,NA
"48",676,"Sam",2016,4,113.75,3.947573,"676_2016",120.635968736913,128.582089967186,120.444843875161,128.119888117547,126.234287557612,NA,126.776612680834,123.196591505127,122.998359276372,130.576104143639,121.62758857996,138.920286594101,123.725807875205,138.436203082751,131.94987720806,122.350084178813,127.009103927341,NA,114.03510488417,129.988389358505,119.817305922616,117.774341700313,142.004813964066,103.929333219676,111.341361637741,114.003136936017,119.244658800002,119.619852933256,112.214749645835,91.5790249855269,117.140594384665,NA,124.845208352866,122.118032300494,116.629479676145,119.212676518518,NA,118.868730438352,119.167977548789,NA,NA,138.956126685839,106.955515064001,NA,119.888285555122,NA,112.59991658509,111.525471578618,120.15715361261,128.998502219762,118.197594759835,112.466830848322,107.939057706728,88.0093861237913,121.326180023278,126.99229161177,NA,120.960938513721,118.19042992895,NA,122.780764548885,129.660600900203,120.472216481891,NA,146.975328296038,NA,87.8451758418247,73.9594330763014,NA,119.271408175915,120.538421180492,115.496789390304,114.488514403098,122.641556230339,NA,116.959239694563,124.839712096293,NA,NA
"49",595,"MassMoths",2001,17,134.4706,4.771237,"595_2001",NA,NA,NA,NA,NA,NA,NA,NA,NA,NA,NA,NA,NA,NA,NA,NA,NA,NA,NA,NA,NA,NA,NA,NA,NA,NA,NA,NA,NA,NA,NA,NA,NA,NA,NA,NA,NA,NA,NA,NA,NA,NA,NA,NA,NA,NA,NA,NA,NA,NA,NA,NA,NA,NA,NA,NA,NA,NA,NA,NA,NA,NA,NA,NA,NA,NA,NA,NA,NA,NA,NA,NA,NA,NA,NA,NA,NA,NA,NA
"50",595,"MassMoths",2002,17,134.4118,4.770467,"595_2002",132.198838839132,NA,134.670340236247,NA,NA,NA,NA,NA,NA,142.469608493166,NA,NA,NA,NA,143.923540982527,NA,NA,130.53770681257,121.759290198377,NA,124.20012847402,NA,NA,NA,NA,120.553554258919,131.57683532905,NA,NA,NA,NA,NA,NA,137.374440470614,NA,126.359889985509,NA,134.14222550519,NA,112.046219864377,NA,NA,NA,NA,NA,89.9258846209213,126.623881858277,NA,NA,NA,NA,NA,NA,NA,NA,128.550644108898,NA,129.033143446989,123.710496784157,NA,129.2475123139,NA,NA,NA,NA,107.395667987242,108.168466940822,101.566151493863,120.185575464813,128.23288030531,NA,NA,NA,123.393534958005,NA,140.623110217148,NA,NA,NA
"51",595,"MassMoths",2003,17,139.4706,3.986189,"595_2003",131.286630017996,NA,134.569583704126,NA,NA,NA,NA,NA,NA,144.173098354617,130.662559033636,NA,127.948991822227,143.079389604448,145.574240825719,NA,NA,132.338195103434,124.602207139071,NA,125.382407901494,125.252052321152,NA,NA,NA,120.770301758397,130.906418002376,NA,121.177051374242,NA,NA,NA,NA,134.868289778201,NA,126.120523770545,NA,132.703244401634,NA,112.986543198851,NA,NA,NA,NA,NA,87.7598976896195,127.994957871932,123.266627478861,126.710132361831,NA,NA,NA,NA,NA,NA,129.626549677146,104.516164464978,131.747484486035,125.847923133043,NA,131.433186387094,NA,NA,NA,NA,109.927426473407,109.530021679658,105.138629697275,128.290441698479,130.407750324367,NA,122.761011680625,NA,125.617785448014,NA,140.336583570652,NA,114.599815660954,NA
"52",595,"MassMoths",2004,17,129.0588,3.732804,"595_2004",132.620536314609,NA,136.067166923955,NA,NA,NA,145.060091853378,NA,NA,143.765241908375,131.968472684129,NA,128.4280871098,143.356852341327,146.555828048984,NA,NA,129.165751161083,130.408546073937,NA,123.672595055251,125.786378971033,NA,NA,NA,119.73642536169,130.438829077451,NA,120.462807538328,107.915531877652,NA,NA,NA,137.156000598221,NA,124.676155006783,118.598343769256,131.234715250186,NA,112.916969824116,NA,NA,NA,102.720075917608,NA,88.4526579665832,127.018556091634,121.143911193364,NA,NA,NA,NA,NA,NA,NA,129.752857129245,104.446763800763,130.988776317018,125.036842474787,NA,130.124261645661,131.876082059414,NA,NA,NA,108.145780762618,110.496697896664,104.714471337707,124.410132352216,126.776469238043,NA,122.930664638121,127.788991359614,122.955187411519,123.521954430305,136.811055204221,NA,113.004043922644,NA
"53",595,"MassMoths",2005,17,136,4.937104,"595_2005",134.899272819823,NA,135.01187631375,NA,131.183081390237,NA,145.985360007238,NA,NA,143.943063041972,131.55805682827,146.022388185781,129.488631683579,144.286913909087,144.822178867572,NA,NA,132.146183898588,123.611526020199,NA,128.224179207071,124.3213284602,NA,NA,NA,122.124411338698,133.76750175179,NA,124.051449873432,NA,122.651619640127,NA,NA,137.407699390718,NA,126.328375027132,122.733327779926,133.130417094847,NA,112.899967275148,NA,NA,NA,101.109256150284,NA,91.2246057734818,128.486521535524,124.889779048186,126.763975719975,NA,NA,NA,128.048245862248,NA,129.44873252737,130.849455394245,104.335160241904,131.597966294046,124.982024918043,NA,131.030039079482,132.117226992725,NA,NA,NA,106.284538155445,110.020283046137,98.8955324992595,127.1117776479,128.232712575794,NA,126.788711283055,127.689121826317,126.818193887809,NA,139.043091945006,NA,113.753772124835,NA
"54",595,"MassMoths",2006,16,134.25,3.296463,"595_2006",132.798499189813,135.134255633317,135.206726167831,NA,130.770365875162,NA,140.923305718088,NA,NA,145.726715760208,134.438333753877,143.053067585296,129.0688537206,145.684434707162,146.632077767247,NA,NA,131.377390645597,126.131010955161,NA,124.286072784772,123.956413994217,NA,NA,NA,119.924303613999,129.659032744482,NA,121.820987151211,107.64257723654,121.546385467896,112.869287573637,NA,138.009986351797,NA,127.358064692446,116.770648693472,134.006727720444,NA,111.302683677433,NA,NA,NA,101.526363626724,NA,89.6478542197983,126.620054516869,122.566852229509,126.401505196745,NA,NA,NA,126.550685388925,NA,131.912526522761,129.461652333675,102.458068990318,129.263625359495,125.728065480388,NA,131.873773912874,135.240125016677,NA,99.6667437474828,NA,105.594944915758,111.022333249828,100.801641159104,124.497248142175,131.803688488988,NA,123.716039003006,126.874693637379,124.50293056252,123.210326391548,139.374611497906,NA,112.729629531598,NA
"55",595,"MassMoths",2007,17,135,2.979094,"595_2007",133.090125176469,133.14662940447,135.373192988079,NA,130.370163349422,NA,138.445571041128,135.84722503484,NA,143.95121045806,133.562476441188,144.172758518646,128.371370183562,145.067033559599,146.699178688237,NA,140.879443912225,131.853116221935,123.385795085057,NA,126.477479507645,123.136351107592,NA,NA,NA,121.364536862949,130.961660176167,125.34690955254,122.808172540354,109.857560333964,122.580440930167,114.578619818339,NA,138.544653910628,127.51891246909,126.909447097122,120.40031949597,133.985555623812,NA,115.405788803477,NA,NA,NA,107.285733748112,131.491976092664,88.0498217922196,127.887247666878,125.923821359896,128.050128708532,NA,129.738430570872,NA,127.343413782526,NA,129.081706656383,130.593393720237,108.751149290068,131.176959842048,125.601639221759,104.524945623914,131.200585166472,131.772357928131,NA,101.644508293379,NA,109.117400217165,114.282187401471,102.593777616306,125.071966666024,129.054434688095,NA,125.31607157356,128.534957327392,125.977247185601,123.896252647633,139.845586082819,NA,114.970402258252,NA
"56",595,"MassMoths",2008,17,134.7059,3.235829,"595_2008",134.738627629394,135.849408029579,136.070413280598,NA,132.210057383944,NA,142.138832760853,145.150260994082,NA,147.102792897565,131.851384996365,146.864412887504,128.698328929564,147.325571187395,144.340623037106,NA,143.052178755378,129.371182596108,126.028682146206,NA,126.892842398059,126.652721939985,NA,NA,NA,122.408707769674,133.951309911725,128.114146358183,123.837218934141,110.148799195903,123.147036611016,113.314571532515,NA,139.722513809876,NA,127.699894586307,115.893055497745,134.86183879343,NA,113.174728091783,NA,116.094710788213,NA,107.017079156364,132.397698446771,91.8821327048082,126.719848355891,127.04111847703,126.891587908362,NA,130.828152373593,NA,127.024714978017,NA,129.430388745894,129.928070299871,105.457049144396,129.807393840553,125.988183789851,105.064529319186,131.622518754228,136.299883283149,NA,100.997832364565,NA,109.080262088843,112.002129952988,100.979233271565,124.150197320731,130.521245648542,NA,126.330126029053,129.22420000703,127.781270079698,118.46088929519,138.853911360304,NA,114.311759485354,NA
"57",595,"MassMoths",2009,17,129,3.570714,"595_2009",130.711112347861,132.013901467468,131.57180333254,NA,129.32810810865,128.928127760324,137.9822525135,132.246329232169,NA,141.480350147848,130.766081319064,143.630516328195,127.04083568797,145.035971526776,141.568474279345,NA,141.881301120533,126.856851716218,124.02174477661,NA,121.321013485565,119.304993016692,NA,NA,NA,118.352371923379,124.645397664404,125.550362263451,118.938568560947,107.485833464819,122.208982492603,112.896663517624,NA,132.98049498112,130.800194256964,124.012202758465,119.29721197428,128.650064231814,NA,112.884767963361,NA,115.914649166941,NA,104.604313926704,133.182312194051,90.9259561990764,124.21469526329,120.3541497354,123.456666155541,NA,130.813143421645,NA,125.954659549872,NA,126.078092715679,127.845069350347,104.895347746755,126.155048426568,120.711516269633,103.747601624003,130.374193122532,133.460545595218,NA,96.9344342103079,NA,108.804080216068,108.846719662531,96.5970603673988,120.214658991353,125.54615393781,NA,118.457303333293,124.559556616942,121.422555476461,122.678682709025,135.315702007426,NA,113.821258673076,NA
"58",595,"MassMoths",2010,17,119.2941,4.089082,"595_2010",134.7557443321,132.695645625764,131.24175794367,NA,129.718066590379,NA,128.44001174063,134.491560741364,NA,138.079932632001,128.829868929385,141.166059286476,127.981316541281,140.787695411697,143.15152714462,NA,140.284386787189,126.222226757822,122.92819965023,NA,122.990735368965,122.278657232963,NA,NA,NA,119.796261774936,128.323492670608,126.18965390557,119.934357887315,106.494058904889,119.521795208926,113.379129925295,NA,134.484981170505,132.195332527324,125.520540617449,116.181187528415,128.497755183623,NA,109.913167125761,NA,126.248496449906,NA,100.951793693654,133.758211310846,85.9048541325003,124.310546098271,121.121919287239,123.145572736691,NA,133.353775461094,NA,125.186693103748,NA,127.799453392754,128.765155364974,101.183854266012,129.380626026222,124.645667113774,97.8647952409539,127.106964637347,128.355330045352,NA,92.1901947314014,NA,105.368458685851,108.658302777727,91.9971850370641,121.697560630246,125.024644805415,NA,125.079918315525,129.245820287946,123.932287068633,122.381269639896,133.47381901377,NA,111.137927737927,NA
"59",595,"MassMoths",2011,17,132.5294,4.797364,"595_2011",128.410292754539,132.685742456395,131.626518708084,NA,128.805268559023,138.253359815758,141.100289689193,133.40513617007,NA,142.198564810132,129.669620275336,142.557263291688,126.985249910502,143.682977290984,142.938261353848,NA,140.181592441135,124.833938152312,119.441924863009,NA,121.638675691462,119.922875694709,NA,NA,129.092688441001,117.957568919452,121.986763947122,124.123960753366,122.157681584964,107.607399637435,121.543652418093,115.155429948835,NA,133.998088116084,130.826859960347,122.829496052097,119.440918004956,126.162423497004,NA,114.765189864141,NA,132.085274676189,NA,105.669613539409,128.115777549659,92.0682316009496,122.964673066881,121.729616877421,122.785289226354,128.568128033871,127.237788137174,NA,123.287695579471,NA,125.331874319865,128.926271667064,103.382030203459,126.933312106304,120.120172063573,101.023300131031,129.19697121015,132.52166792015,124.089674673459,97.0111081102035,NA,108.196359923297,109.6631884009,97.6215068723892,117.14672244698,122.181660622429,129.391788493869,117.675164641085,126.073943771978,122.921671761648,123.051347505817,135.837012017648,133.707422825431,113.649361412047,120.385452468706
"60",595,"MassMoths",2012,17,127.5294,4.556831,"595_2012",129.717909261449,129.910999614601,131.348519061232,NA,127.195095399093,137.894060985446,136.265636662633,133.346089547117,NA,138.181365072841,130.307709593904,140.892435223853,125.223244352112,142.758341691182,141.53505671151,NA,141.633869336413,128.950512027716,114.854329170638,NA,122.590901425462,124.997386121188,NA,NA,127.816227635797,120.807198763716,129.721627609559,124.811648503656,121.444412106025,105.861878076659,121.06439653412,112.791509620441,NA,132.894149637053,133.721895918458,124.280243826962,116.792787404971,128.933799109836,NA,111.186995870934,127.00452996774,114.381354149357,NA,104.076170786919,133.923518782675,80.887902890544,125.639821860775,126.478876397572,127.46880023802,131.064975425264,130.009304557988,NA,128.37330994055,NA,124.264518900465,127.509997261365,102.870714773542,128.178957831257,124.68206461418,91.7280315659224,130.24943760306,133.21611785271,123.313018149666,95.7226964580185,NA,104.19826979669,108.093866500018,93.1120106047275,117.575601165369,129.765664068856,131.496965865895,124.555781898372,127.796497582807,124.414949264171,123.894735934323,134.436979438209,132.503405264522,113.043272046851,NA
"61",595,"MassMoths",2013,17,133,3.535534,"595_2013",135.870743339921,136.364151238085,137.232612144963,129.674759604841,133.313978739181,138.24470957069,141.702368527939,140.7131000003,138.067802340499,142.290339580089,130.892573269633,144.825846492373,129.373166952238,143.489233706818,144.595166321817,NA,143.736636443864,128.953874260008,120.275403151269,NA,127.018256772221,123.152651356305,NA,NA,129.534875340235,120.752134239345,128.0957732469,128.348073620347,123.697821541725,105.645265833809,122.319260258671,115.199226953284,NA,139.922156626369,130.454104604616,125.647082696969,118.013635719476,131.125002666607,NA,111.071633814534,123.643707697413,119.599557182287,NA,103.763524356215,133.136215291672,94.6233709879512,125.282802012795,125.819792283654,127.161097918952,130.190141842072,134.631241337683,NA,125.921449282796,NA,129.727179059456,132.042692086691,102.153526966842,133.735243251774,122.829601474296,102.774279951297,130.846619284882,133.111448121734,125.171674270055,97.5794335373211,NA,107.314488046053,107.098516299197,97.4616661074877,120.89770231227,128.539687843243,129.544061015605,127.809274012352,128.954256060267,123.350738154824,122.13924388664,135.998473275719,133.876706813891,113.521809423845,119.875415841529
"62",595,"MassMoths",2014,17,137.5294,2.527787,"595_2014",132.194055857219,132.001471487208,131.605292789143,130.714548345697,129.409238158234,138.628781433287,139.768327210374,137.897248730082,139.240036581775,140.368667889572,129.175548112675,143.813274261972,126.924191376991,143.1759140516,143.575042910489,NA,141.656733268542,127.934578853601,123.920287432382,NA,125.079340049183,124.452256977048,NA,NA,128.159821058976,121.99639291175,126.861729701945,130.690533946645,124.133515389157,107.626206898802,124.32723703438,116.397660738504,NA,134.931785696746,128.528488660297,126.505177841146,117.853528935588,130.792530179385,NA,110.485434235126,112.078615724618,115.574465339757,NA,106.468554355409,132.535756086467,93.0071392304715,125.836517649951,124.90085738968,126.033779595357,130.796468630635,133.14508409936,NA,123.718261995949,NA,129.163600769137,129.218223291352,104.846627629559,129.115068078204,125.143043419604,103.247264720027,129.814820224362,132.535613694168,127.117607202923,98.6538614299006,NA,107.404129909344,104.405486560126,95.3643512927348,125.29029825556,126.049147294519,130.197759992041,127.253935498527,127.113242337708,126.22036611458,122.357648283225,134.443818220884,132.604167827323,117.175274331503,119.929389710093
"63",595,"MassMoths",2015,17,135.5882,3.410624,"595_2015",128.235158907039,130.697074062167,131.884310050517,129.83671027322,130.000555077834,140.195072621439,139.232333868523,132.268679955953,137.908335256237,137.947388758139,131.248683648266,140.398900019002,127.565145966151,140.846116872364,142.845499948133,NA,139.650052428071,126.838688420899,125.477726896439,NA,123.743617814518,123.060618617638,NA,NA,129.267198149072,121.65198211996,128.93744600517,126.283567709576,123.508099940487,107.937905465881,123.097384248472,113.224567753781,NA,131.689175967938,135.098275835641,126.083308249676,116.727577884946,128.545743648789,NA,111.770484472707,107.783086201549,116.98728743536,NA,104.943021980962,133.671496542384,93.0360084887333,124.94642925848,124.938730252907,125.462224731771,130.096891067696,131.185858711065,NA,125.321143439846,NA,126.739705654126,128.483286346216,106.198679557767,127.763328356712,122.934576214941,100.941506089866,130.113136081111,129.151705188376,124.280365432826,98.8043689075185,NA,107.332758789218,105.283097285494,98.8593159843603,122.111624003132,126.276967694509,130.795927536145,126.186648606786,126.712107096447,125.633473609392,125.899357739075,133.176714186473,129.637284253643,115.702618668603,119.482439874448
"64",595,"MassMoths",2016,17,137.1765,3.956566,"595_2016",132.805440946171,135.522713280459,133.380480901674,131.432523082386,134.155924592899,134.820509330907,138.586992551728,139.172500398675,138.980772574657,143.165846409851,133.17504288538,145.150425376924,129.869252244635,145.650875280149,145.159525929105,NA,144.016500017219,129.867327866129,126.564027107567,NA,126.748666043771,126.427796839063,NA,NA,129.337590498231,121.850750563925,134.933850899477,132.652971999613,125.048206739124,106.820538083906,123.849802364221,113.566357232994,NA,134.284784783602,133.67927600941,127.249986585295,119.743454765341,132.628520860853,NA,114.236021808334,104.970187402645,120.018095447601,NA,106.111417927825,134.672982554648,87.0847375104983,126.931290835126,126.701044892972,127.499697834606,133.558837920138,131.310188482182,NA,127.644378570663,NA,130.386985236469,132.028738600762,106.592580292634,131.992848088186,124.937068756572,100.047626283347,132.728530272438,135.951292133647,127.356121480695,96.3636520232169,NA,106.832671293077,108.225703228038,96.7109949497882,121.95259126595,130.913045071194,128.387255121153,126.645921643054,126.649988482202,126.750990340385,122.421676079711,138.109011379812,133.270261710596,115.002697861934,120.178348849034
